{
    "Albums": "Àlbums",
    "AppDeviceValues": "Aplicació: {0}, Dispositiu: {1}",
    "Application": "Aplicació",
    "Artists": "Artistes",
    "AuthenticationSucceededWithUserName": "{0} s'ha autenticat correctament",
    "Books": "Llibres",
    "CameraImageUploadedFrom": "S'ha pujat una nova imatge de càmera des de {0}",
    "Channels": "Canals",
    "ChapterNameValue": "Capítol {0}",
    "Collections": "Col·leccions",
    "DeviceOfflineWithName": "{0} s'ha desconnectat",
    "DeviceOnlineWithName": "{0} està connectat",
    "FailedLoginAttemptWithUserName": "Intent de connexió fallit des de {0}",
    "Favorites": "Preferits",
    "Folders": "Carpetes",
    "Genres": "Gèneres",
    "HeaderAlbumArtists": "Artistes de l'àlbum",
    "HeaderContinueWatching": "Continuar veient",
    "HeaderFavoriteAlbums": "Àlbums preferits",
    "HeaderFavoriteArtists": "Artistes preferits",
    "HeaderFavoriteEpisodes": "Episodis preferits",
    "HeaderFavoriteShows": "Sèries preferides",
    "HeaderFavoriteSongs": "Cançons preferides",
    "HeaderLiveTV": "TV en directe",
    "HeaderNextUp": "A continuació",
    "HeaderRecordingGroups": "Grups d'enregistrament",
    "HomeVideos": "Vídeos domèstics",
    "Inherit": "Hereta",
    "ItemAddedWithName": "{0} ha sigut afegit a la biblioteca",
    "ItemRemovedWithName": "{0} ha sigut eliminat de la biblioteca",
    "LabelIpAddressValue": "Adreça IP: {0}",
    "LabelRunningTimeValue": "Temps en funcionament: {0}",
    "Latest": "Darrers",
    "MessageApplicationUpdated": "El servidor de Jellyfin ha estat actualitzat",
    "MessageApplicationUpdatedTo": "El servidor de Jellyfin ha estat actualitzat a {0}",
    "MessageNamedServerConfigurationUpdatedWithValue": "La secció {0} de la configuració del servidor ha estat actualitzada",
    "MessageServerConfigurationUpdated": "S'ha actualitzat la configuració del servidor",
    "MixedContent": "Contingut barrejat",
    "Movies": "Pel·lícules",
    "Music": "Música",
    "MusicVideos": "Videoclips",
    "NameInstallFailed": "{0} instal·lació fallida",
    "NameSeasonNumber": "Temporada {0}",
    "NameSeasonUnknown": "Temporada desconeguda",
    "NewVersionIsAvailable": "Una nova versió del servidor de Jellyfin està disponible per a descarregar.",
    "NotificationOptionApplicationUpdateAvailable": "Actualització de l'aplicació disponible",
    "NotificationOptionApplicationUpdateInstalled": "Actualització de l'aplicació instal·lada",
    "NotificationOptionAudioPlayback": "Reproducció d'àudio iniciada",
    "NotificationOptionAudioPlaybackStopped": "Reproducció d'àudio aturada",
    "NotificationOptionCameraImageUploaded": "Imatge de càmera pujada",
    "NotificationOptionInstallationFailed": "Instal·lació fallida",
    "NotificationOptionNewLibraryContent": "Nou contingut afegit",
    "NotificationOptionPluginError": "Un complement ha fallat",
    "NotificationOptionPluginInstalled": "Complement instal·lat",
    "NotificationOptionPluginUninstalled": "Complement desinstal·lat",
    "NotificationOptionPluginUpdateInstalled": "Actualització de complement instal·lada",
    "NotificationOptionServerRestartRequired": "Reinici del servidor requerit",
    "NotificationOptionTaskFailed": "Tasca programada fallida",
    "NotificationOptionUserLockedOut": "Usuari expulsat",
    "NotificationOptionVideoPlayback": "Reproducció de vídeo iniciada",
    "NotificationOptionVideoPlaybackStopped": "Reproducció de vídeo aturada",
    "Photos": "Fotos",
    "Playlists": "Llistes de reproducció",
    "Plugin": "Complement",
    "PluginInstalledWithName": "{0} ha estat instal·lat",
    "PluginUninstalledWithName": "{0} ha estat desinstal·lat",
    "PluginUpdatedWithName": "{0} ha estat actualitzat",
    "ProviderValue": "Proveïdor: {0}",
    "ScheduledTaskFailedWithName": "{0} ha fallat",
    "ScheduledTaskStartedWithName": "{0} s'ha iniciat",
    "ServerNameNeedsToBeRestarted": "{0} necessita ser reiniciat",
    "Shows": "Sèries",
    "Songs": "Cançons",
    "StartupEmbyServerIsLoading": "El servidor de Jellyfin s'està carregant. Proveu-ho altre cop aviat.",
    "SubtitleDownloadFailureForItem": "Subtitles failed to download for {0}",
    "SubtitleDownloadFailureFromForItem": "Els subtítols per a {1} no s'han pogut baixar de {0}",
    "Sync": "Sincronitzar",
    "System": "Sistema",
    "TvShows": "Sèries de TV",
    "User": "Usuari",
    "UserCreatedWithName": "S'ha creat l'usuari {0}",
    "UserDeletedWithName": "L'usuari {0} ha estat eliminat",
    "UserDownloadingItemWithValues": "{0} està descarregant {1}",
    "UserLockedOutWithName": "L'usuari {0} ha sigut expulsat",
    "UserOfflineFromDevice": "{0} s'ha desconnectat de {1}",
    "UserOnlineFromDevice": "{0} està connectat des de {1}",
    "UserPasswordChangedWithName": "La contrasenya ha estat canviada per a l'usuari {0}",
    "UserPolicyUpdatedWithName": "La política d'usuari s'ha actualitzat per a {0}",
    "UserStartedPlayingItemWithValues": "{0} ha començat a reproduir {1}",
    "UserStoppedPlayingItemWithValues": "{0} ha parat de reproduir {1}",
    "ValueHasBeenAddedToLibrary": "{0} ha sigut afegit a la teva biblioteca",
    "ValueSpecialEpisodeName": "Especial - {0}",
    "VersionNumber": "Versió {0}",
    "TaskDownloadMissingSubtitlesDescription": "Cerca a internet els subtítols que faltin a partir de la configuració de metadades.",
    "TaskDownloadMissingSubtitles": "Descarrega els subtítols que faltin",
    "TaskRefreshChannelsDescription": "Actualitza la informació dels canals d'internet.",
    "TaskRefreshChannels": "Actualitza els canals",
    "TaskCleanTranscodeDescription": "Elimina els arxius de transcodificacions que tinguin més d'un dia.",
    "TaskCleanTranscode": "Neteja les transcodificacions",
    "TaskUpdatePluginsDescription": "Actualitza els connectors que estan configurats per a actualitzar-se automàticament.",
    "TaskUpdatePlugins": "Actualitza els connectors",
    "TaskRefreshPeopleDescription": "Actualitza les metadades dels actors i directors de la teva mediateca.",
    "TaskRefreshPeople": "Actualitza les persones",
    "TaskCleanLogsDescription": "Esborra els logs que tinguin més de {0} dies.",
    "TaskCleanLogs": "Neteja els registres",
    "TaskRefreshLibraryDescription": "Escaneja la mediateca buscant fitxers nous i refresca les metadades.",
    "TaskRefreshLibrary": "Escaneja la biblioteca de mitjans",
    "TaskRefreshChapterImagesDescription": "Crea les miniatures dels vídeos que tinguin capítols.",
    "TaskRefreshChapterImages": "Extreure les imatges dels capítols",
    "TaskCleanCacheDescription": "Elimina els arxius temporals que ja no són necessaris per al servidor.",
    "TaskCleanCache": "Elimina arxius temporals",
    "TasksChannelsCategory": "Canals d'internet",
    "TasksApplicationCategory": "Aplicació",
    "TasksLibraryCategory": "Biblioteca",
    "TasksMaintenanceCategory": "Manteniment",
    "TaskCleanActivityLogDescription": "Eliminat entrades del registre d'activitats mes antigues que l'antiguitat configurada.",
    "TaskCleanActivityLog": "Buidar el registre d'activitat",
    "Undefined": "Indefinit",
    "Forced": "Forçat",
    "Default": "Per defecte",
    "TaskOptimizeDatabaseDescription": "Compacta la base de dades i trunca l'espai lliure. Executar aquesta tasca després d’escanejar la biblioteca o fer altres canvis que impliquin modificacions a la base de dades pot millorar el rendiment.",
    "TaskOptimizeDatabase": "Optimitzar la base de dades",
    "TaskKeyframeExtractorDescription": "Extreu fotogrames clau dels fitxers de vídeo per crear llistes de reproducció HLS més precises. Aquesta tasca pot durar molt de temps.",
    "TaskKeyframeExtractor": "Extractor de fotogrames clau",
    "External": "Extern",
    "HearingImpaired": "Discapacitat auditiva",
    "TaskRefreshTrickplayImages": "Generar miniatures de línia de temps",
    "TaskRefreshTrickplayImagesDescription": "Crear miniatures de línia de temps per vídeos en les biblioteques habilitades.",
    "TaskCleanCollectionsAndPlaylistsDescription": "Esborra elements de col·leccions i llistes de reproducció que ja no existeixen.",
    "TaskCleanCollectionsAndPlaylists": "Neteja col·leccions i llistes de reproducció",
    "TaskAudioNormalization": "Normalització d'Àudio",
    "TaskAudioNormalizationDescription": "Escaneja arxius per dades de normalització d'àudio.",
    "TaskDownloadMissingLyricsDescription": "Baixar lletres de les cançons",
    "TaskDownloadMissingLyrics": "Baixar lletres que falten"
}
