{
    "Albums": "Album",
    "AppDeviceValues": "App: {0}, Enhed: {1}",
    "Application": "Applikation",
    "Artists": "Kunstnere",
    "AuthenticationSucceededWithUserName": "{0} er logget ind",
    "Books": "Bøger",
    "CameraImageUploadedFrom": "Et nyt kamerabillede er blevet uploadet fra {0}",
    "Channels": "Kanaler",
    "ChapterNameValue": "Kapitel {0}",
    "Collections": "Samlinger",
    "DeviceOfflineWithName": "{0} har afbrudt forbindelsen",
    "DeviceOnlineWithName": "{0} er forbundet",
    "FailedLoginAttemptWithUserName": "Mislykket loginforsøg fra {0}",
    "Favorites": "Favoritter",
    "Folders": "Mapper",
    "Genres": "Genrer",
    "HeaderAlbumArtists": "Albumkunstnere",
    "HeaderContinueWatching": "Fortsæt afspilning",
    "HeaderFavoriteAlbums": "Favoritalbum",
    "HeaderFavoriteArtists": "Favoritkunstnere",
    "HeaderFavoriteEpisodes": "Yndlingsafsnit",
    "HeaderFavoriteShows": "Yndlingsserier",
    "HeaderFavoriteSongs": "Yndlingssange",
    "HeaderLiveTV": "Live-TV",
    "HeaderNextUp": "Næste",
    "HeaderRecordingGroups": "Optagelsesgrupper",
    "HomeVideos": "Hjemmevideoer",
    "Inherit": "Nedarv",
    "ItemAddedWithName": "{0} blev tilføjet til biblioteket",
    "ItemRemovedWithName": "{0} blev fjernet fra biblioteket",
    "LabelIpAddressValue": "IP-adresse: {0}",
    "LabelRunningTimeValue": "Spilletid: {0}",
    "Latest": "Seneste",
    "MessageApplicationUpdated": "Jellyfin Server er blevet opdateret",
    "MessageApplicationUpdatedTo": "Jellyfin Server er blevet opdateret til {0}",
    "MessageNamedServerConfigurationUpdatedWithValue": "Serverkonfiguration sektion {0} er blevet opdateret",
    "MessageServerConfigurationUpdated": "Serverkonfigurationen er blevet opdateret",
    "MixedContent": "Blandet indhold",
    "Movies": "Film",
    "Music": "Musik",
    "MusicVideos": "Musikvideoer",
    "NameInstallFailed": "{0} installationen mislykkedes",
    "NameSeasonNumber": "Sæson {0}",
    "NameSeasonUnknown": "Ukendt sæson",
    "NewVersionIsAvailable": "En ny version af Jellyfin Server er tilgængelig.",
    "NotificationOptionApplicationUpdateAvailable": "Opdatering til applikationen er tilgængelig",
    "NotificationOptionApplicationUpdateInstalled": "Opdatering til applikationen blev installeret",
    "NotificationOptionAudioPlayback": "Lydafspilning påbegyndt",
    "NotificationOptionAudioPlaybackStopped": "Lydafspilning stoppet",
    "NotificationOptionCameraImageUploaded": "Kamerabillede uploadet",
    "NotificationOptionInstallationFailed": "Installationen mislykkedes",
    "NotificationOptionNewLibraryContent": "Nyt indhold tilføjet",
    "NotificationOptionPluginError": "Plugin-fejl",
    "NotificationOptionPluginInstalled": "Plugin blev installeret",
    "NotificationOptionPluginUninstalled": "Plugin blev afinstalleret",
    "NotificationOptionPluginUpdateInstalled": "Opdatering til plugin blev installeret",
    "NotificationOptionServerRestartRequired": "Genstart af serveren er påkrævet",
    "NotificationOptionTaskFailed": "Planlagt opgave er fejlet",
    "NotificationOptionUserLockedOut": "Bruger er låst ude",
    "NotificationOptionVideoPlayback": "Videoafspilning påbegyndt",
    "NotificationOptionVideoPlaybackStopped": "Videoafspilning blev stoppet",
    "Photos": "Fotos",
    "Playlists": "Afspilningslister",
    "Plugin": "Plugin",
    "PluginInstalledWithName": "{0} blev installeret",
    "PluginUninstalledWithName": "{0} blev afinstalleret",
    "PluginUpdatedWithName": "{0} blev opdateret",
    "ProviderValue": "Udbyder: {0}",
    "ScheduledTaskFailedWithName": "{0} mislykkedes",
    "ScheduledTaskStartedWithName": "{0} påbegyndte",
    "ServerNameNeedsToBeRestarted": "{0} skal genstartes",
    "Shows": "Serier",
    "Songs": "Sange",
    "StartupEmbyServerIsLoading": "Jellyfin Server er i gang med at starte. Forsøg igen om et øjeblik.",
    "SubtitleDownloadFailureForItem": "Fejlet i download af undertekster for {0}",
    "SubtitleDownloadFailureFromForItem": "Undertekster kunne ikke hentes fra {0} til {1}",
    "Sync": "Synkroniser",
    "System": "System",
    "TvShows": "TV-serier",
    "User": "Bruger",
    "UserCreatedWithName": "Bruger {0} er blevet oprettet",
    "UserDeletedWithName": "Brugeren {0} er nu slettet",
    "UserDownloadingItemWithValues": "{0} henter {1}",
    "UserLockedOutWithName": "Brugeren {0} er blevet låst ude",
    "UserOfflineFromDevice": "{0} har afbrudt fra {1}",
    "UserOnlineFromDevice": "{0} er online fra {1}",
    "UserPasswordChangedWithName": "Adgangskode er ændret for brugeren {0}",
    "UserPolicyUpdatedWithName": "Brugerpolitikken er blevet opdateret for {0}",
    "UserStartedPlayingItemWithValues": "{0} afspiller {1} på {2}",
    "UserStoppedPlayingItemWithValues": "{0} har afsluttet afspilning af {1} på {2}",
    "ValueHasBeenAddedToLibrary": "{0} er blevet tilføjet til dit mediebibliotek",
    "ValueSpecialEpisodeName": "Special - {0}",
    "VersionNumber": "Version {0}",
    "TaskDownloadMissingSubtitlesDescription": "Søger på internettet efter manglende undertekster baseret på metadata-konfigurationen.",
    "TaskDownloadMissingSubtitles": "Hentede medie mangler undertekster",
    "TaskUpdatePluginsDescription": "Henter og installerer opdateringer for plugins, som er konfigurerede til at blive opdateret automatisk.",
    "TaskUpdatePlugins": "Opdater Plugins",
    "TaskCleanLogsDescription": "Sletter log-filer som er mere end {0} dage gamle.",
    "TaskCleanLogs": "Ryd Log-mappe",
    "TaskRefreshLibraryDescription": "Scanner dit mediebibliotek for nye filer og opdateret metadata.",
    "TaskRefreshLibrary": "Scan Mediebibliotek",
    "TaskCleanCacheDescription": "Sletter cache-filer som systemet ikke længere bruger.",
    "TaskCleanCache": "Ryd cache-mappe",
    "TasksChannelsCategory": "Internetkanaler",
    "TasksApplicationCategory": "Applikation",
    "TasksLibraryCategory": "Bibliotek",
    "TasksMaintenanceCategory": "Vedligeholdelse",
    "TaskRefreshChapterImages": "Udtræk kapitelbilleder",
    "TaskRefreshChapterImagesDescription": "Laver miniaturebilleder for videoer, der har kapitler.",
    "TaskRefreshChannelsDescription": "Opdaterer information for internetkanal.",
    "TaskRefreshChannels": "Opdater Kanaler",
    "TaskCleanTranscodeDescription": "Fjerner transcode-filer, som er mere end 1 dag gammel.",
    "TaskCleanTranscode": "Tøm Transcode-mappen",
    "TaskRefreshPeople": "Opdater Personer",
    "TaskRefreshPeopleDescription": "Opdaterer metadata for skuespillere og instruktører i dit mediebibliotek.",
    "TaskCleanActivityLogDescription": "Sletter linjer i aktivitetsloggen ældre end den konfigurerede alder.",
    "TaskCleanActivityLog": "Ryd Aktivitetslog",
    "Undefined": "Udefineret",
    "Forced": "Tvunget",
    "Default": "Standard",
    "TaskOptimizeDatabaseDescription": "Komprimerer databasen og frigør plads. Denne handling køres efter at have scannet mediebiblioteket, eller efter at have lavet ændringer til databasen, for at højne ydeevnen.",
    "TaskOptimizeDatabase": "Optimér database",
    "TaskKeyframeExtractorDescription": "Udtrækker billeder fra videofiler for at lave mere præcise HLS-playlister. Denne opgave kan tage lang tid.",
    "TaskKeyframeExtractor": "Udtræk af nøglebillede",
    "External": "Ekstern",
    "HearingImpaired": "Hørehæmmet",
    "TaskRefreshTrickplayImages": "Generér Trickplay Billeder",
    "TaskRefreshTrickplayImagesDescription": "Laver trickplay forhåndsvisninger for videoer i aktiverede biblioteker.",
    "TaskCleanCollectionsAndPlaylists": "Ryd op i samlinger og afspilningslister",
    "TaskCleanCollectionsAndPlaylistsDescription": "Fjerner elementer fra samlinger og afspilningslister der ikke eksisterer længere.",
    "TaskAudioNormalizationDescription": "Skanner filer for data vedrørende audio-normalisering.",
    "TaskAudioNormalization": "Audio-normalisering",
    "TaskDownloadMissingLyricsDescription": "Hentede sange mangler sangtekster",
    "TaskDownloadMissingLyrics": "Hentede medie mangler sangtekster",
    "TaskExtractMediaSegments": "Scan mediesegment",
    "TaskMoveTrickplayImages": "Migrer billedelokation for Trickplay",
    "TaskMoveTrickplayImagesDescription": "Flyt eksisterende trickplay-filer jævnfør biblioteksindstillilnger.",
    "TaskExtractMediaSegmentsDescription": "Ekstraherer eller henter mediesegmenter fra plugins som understøtter MediaSegment."
}
