{
    "Albums": "Álbumes",
    "AppDeviceValues": "Aplicación: {0}, Dispositivo: {1}",
    "Application": "Aplicación",
    "Artists": "Artistas",
    "AuthenticationSucceededWithUserName": "{0} autenticado correctamente",
    "Books": "Libros",
    "CameraImageUploadedFrom": "Se ha subido una nueva imagen de cámara desde {0}",
    "Channels": "Canales",
    "ChapterNameValue": "Capítulo {0}",
    "Collections": "Colecciones",
    "DeviceOfflineWithName": "{0} se ha desconectado",
    "DeviceOnlineWithName": "{0} está conectado",
    "FailedLoginAttemptWithUserName": "Error al intentar iniciar sesión de {0}",
    "Favorites": "Favoritos",
    "Folders": "Carpetas",
    "Genres": "Géneros",
    "HeaderAlbumArtists": "Artistas de álbum",
    "HeaderContinueWatching": "Seguir viendo",
    "HeaderFavoriteAlbums": "Álbumes favoritos",
    "HeaderFavoriteArtists": "Artistas favoritos",
    "HeaderFavoriteEpisodes": "Capítulos favoritos",
    "HeaderFavoriteShows": "Programas favoritos",
    "HeaderFavoriteSongs": "Canciones favoritas",
    "HeaderLiveTV": "TV en vivo",
    "HeaderNextUp": "Siguiente",
    "HeaderRecordingGroups": "Grupos de grabación",
    "HomeVideos": "Videos caseros",
    "Inherit": "Heredar",
    "ItemAddedWithName": "{0} se ha añadido a la biblioteca",
    "ItemRemovedWithName": "{0} ha sido eliminado de la biblioteca",
    "LabelIpAddressValue": "Dirección IP: {0}",
    "LabelRunningTimeValue": "Tiempo de funcionamiento: {0}",
    "Latest": "Últimos",
    "MessageApplicationUpdated": "El servidor Jellyfin fue actualizado",
    "MessageApplicationUpdatedTo": "Se ha actualizado el servidor Jellyfin a la versión {0}",
    "MessageNamedServerConfigurationUpdatedWithValue": "Se ha actualizado la sección {0} de la configuración del servidor",
    "MessageServerConfigurationUpdated": "Se ha actualizado la configuración del servidor",
    "MixedContent": "Contenido mezclado",
    "Movies": "Películas",
    "Music": "Música",
    "MusicVideos": "Videos musicales",
    "NameInstallFailed": "{0} instalación fallida",
    "NameSeasonNumber": "Temporada {0}",
    "NameSeasonUnknown": "Temporada desconocida",
    "NewVersionIsAvailable": "Una nueva versión del servidor Jellyfin está disponible para descargar.",
    "NotificationOptionApplicationUpdateAvailable": "Actualización de la aplicación disponible",
    "NotificationOptionApplicationUpdateInstalled": "Actualización de la aplicación instalada",
    "NotificationOptionAudioPlayback": "Se inició la reproducción de audio",
    "NotificationOptionAudioPlaybackStopped": "Se detuvo la reproducción de audio",
    "NotificationOptionCameraImageUploaded": "Imagen de la cámara subida",
    "NotificationOptionInstallationFailed": "Error de instalación",
    "NotificationOptionNewLibraryContent": "Nuevo contenido añadido",
    "NotificationOptionPluginError": "Falla de complemento",
    "NotificationOptionPluginInstalled": "Complemento instalado",
    "NotificationOptionPluginUninstalled": "Complemento desinstalado",
    "NotificationOptionPluginUpdateInstalled": "Actualización de complemento instalada",
    "NotificationOptionServerRestartRequired": "Se necesita reiniciar el servidor",
    "NotificationOptionTaskFailed": "Falla de tarea programada",
    "NotificationOptionUserLockedOut": "Usuario bloqueado",
    "NotificationOptionVideoPlayback": "Se inició la reproducción de video",
    "NotificationOptionVideoPlaybackStopped": "Reproducción de video detenida",
    "Photos": "Fotos",
    "Playlists": "Listas de reproducción",
    "Plugin": "Complemento",
    "PluginInstalledWithName": "{0} fue instalado",
    "PluginUninstalledWithName": "{0} fue desinstalado",
    "PluginUpdatedWithName": "{0} fue actualizado",
    "ProviderValue": "Proveedor: {0}",
    "ScheduledTaskFailedWithName": "{0} falló",
    "ScheduledTaskStartedWithName": "{0} iniciado",
    "ServerNameNeedsToBeRestarted": "{0} necesita ser reiniciado",
    "Shows": "Programas",
    "Songs": "Canciones",
    "StartupEmbyServerIsLoading": "El servidor Jellyfin se está cargando. Vuelve a intentarlo en breve.",
    "SubtitleDownloadFailureForItem": "Subtitles failed to download for {0}",
    "SubtitleDownloadFailureFromForItem": "Falló la descarga de subtitulos desde {0} para {1}",
    "Sync": "Sincronizar",
    "System": "Sistema",
    "TvShows": "Series de TV",
    "User": "Usuario",
    "UserCreatedWithName": "El usuario {0} ha sido creado",
    "UserDeletedWithName": "El usuario {0} ha sido borrado",
    "UserDownloadingItemWithValues": "{0} está descargando {1}",
    "UserLockedOutWithName": "El usuario {0} ha sido bloqueado",
    "UserOfflineFromDevice": "{0} se ha desconectado de {1}",
    "UserOnlineFromDevice": "{0} está en línea desde {1}",
    "UserPasswordChangedWithName": "Se ha cambiado la contraseña para el usuario {0}",
    "UserPolicyUpdatedWithName": "Las política de usuario ha sido actualizada para {0}",
    "UserStartedPlayingItemWithValues": "{0} está reproduciendo {1} en {2}",
    "UserStoppedPlayingItemWithValues": "{0} ha terminado de reproducir {1} en {2}",
    "ValueHasBeenAddedToLibrary": "{0} ha sido añadido a tu biblioteca multimedia",
    "ValueSpecialEpisodeName": "Especial - {0}",
    "VersionNumber": "Versión {0}",
    "TaskDownloadMissingSubtitlesDescription": "Busca en internet los subtítulos que falten basándose en la configuración de los metadatos.",
    "TaskDownloadMissingSubtitles": "Descargar subtítulos faltantes",
    "TaskRefreshChannelsDescription": "Actualizar información de canales de internet.",
    "TaskRefreshChannels": "Actualizar canales",
    "TaskCleanTranscodeDescription": "Eliminar archivos transcodificados con mas de un día de antigüedad.",
    "TaskCleanTranscode": "Limpiar directorio de transcodificación",
    "TaskUpdatePluginsDescription": "Descargar e instalar actualizaciones para complementos que estén configurados en actualizar automáticamente.",
    "TaskUpdatePlugins": "Actualizar complementos",
    "TaskRefreshPeopleDescription": "Actualizar metadatos de actores y directores en su biblioteca multimedia.",
    "TaskRefreshPeople": "Actualizar personas",
    "TaskCleanLogsDescription": "Eliminar archivos de registro que tengan mas de {0} días de antigüedad.",
    "TaskCleanLogs": "Limpiar directorio de registros",
    "TaskRefreshLibraryDescription": "Escanear su biblioteca multimedia por nuevos archivos y refrescar metadatos.",
    "TaskRefreshLibrary": "Escanear biblioteca multimedia",
    "TaskRefreshChapterImagesDescription": "Crear miniaturas de videos que tengan capítulos.",
    "TaskRefreshChapterImages": "Extraer imágenes de capítulo",
    "TaskCleanCacheDescription": "Eliminar archivos de caché que no se necesiten en el sistema.",
    "TaskCleanCache": "Limpiar directorio caché",
    "TasksChannelsCategory": "Canales de internet",
    "TasksApplicationCategory": "Aplicación",
    "TasksLibraryCategory": "Biblioteca",
    "TasksMaintenanceCategory": "Mantenimiento",
    "TaskCleanActivityLogDescription": "Borrar log de actividades anteriores a la fecha establecida.",
    "TaskCleanActivityLog": "Borrar log de actividades",
    "Undefined": "Indefinido",
    "Forced": "Forzado",
    "Default": "Predeterminado",
    "TaskOptimizeDatabaseDescription": "Compacta la base de datos y restaura el espacio libre. Ejecutar esta tarea después de actualizar las librerías o realizar otros cambios que impliquen modificar las bases de datos puede mejorar la performance.",
    "TaskOptimizeDatabase": "Optimización de base de datos",
    "External": "Externo",
    "TaskKeyframeExtractorDescription": "Extrae Fotogramas Clave de los archivos de vídeo para crear Listas de Reprodución HLS más precisas. Esta tarea puede durar mucho tiempo.",
    "TaskKeyframeExtractor": "Extractor de Fotogramas Clave",
    "HearingImpaired": "Discapacidad Auditiva",
    "TaskRefreshTrickplayImages": "Generar imágenes de Trickplay",
    "TaskRefreshTrickplayImagesDescription": "Crea vistas previas de reproducción engañosa para videos en bibliotecas habilitadas.",
    "TaskAudioNormalization": "Normalización de audio",
    "TaskAudioNormalizationDescription": "Escanea archivos en busca de datos de normalización de audio.",
    "TaskCleanCollectionsAndPlaylists": "Limpiar colecciones y listas de reproducción",
    "TaskCleanCollectionsAndPlaylistsDescription": "Elimina elementos de colecciones y listas de reproducción que ya no existen.",
    "TaskDownloadMissingLyrics": "Descargar letra faltante",
    "TaskDownloadMissingLyricsDescription": "Descarga letras de canciones",
    "TaskExtractMediaSegments": "Escanear Segmentos de Media",
    "TaskExtractMediaSegmentsDescription": "Extrae u obtiene segmentos de medio de plugins habilitados para MediaSegment.",
    "TaskMoveTrickplayImagesDescription": "Mueve archivos existentes de trickplay de acuerdo a la configuración de la biblioteca.",
    "TaskMoveTrickplayImages": "Migrar Ubicación de Imagen de Trickplay"
}
