{
    "Albums": "آلبوم‌ها",
    "AppDeviceValues": "برنامه: {0} ، دستگاه: {1}",
    "Application": "برنامه",
    "Artists": "هنرمندان",
    "AuthenticationSucceededWithUserName": "{0} با موفقیت تایید اعتبار شد",
    "Books": "کتاب‌ها",
    "CameraImageUploadedFrom": "یک عکس جدید از دوربین ارسال شده است {0}",
    "Channels": "کانالها",
    "ChapterNameValue": "قسمت {0}",
    "Collections": "مجموعه‌ها",
    "DeviceOfflineWithName": "ارتباط {0} قطع شد",
    "DeviceOnlineWithName": "{0} متصل شد",
    "FailedLoginAttemptWithUserName": "تلاش برای ورود از {0} ناموفق بود",
    "Favorites": "مورد علاقه‌ها",
    "Folders": "پوشه‌ها",
    "Genres": "ژانرها",
    "HeaderAlbumArtists": "هنرمندان آلبوم",
    "HeaderContinueWatching": "ادامه تماشا",
    "HeaderFavoriteAlbums": "آلبوم‌های مورد علاقه",
    "HeaderFavoriteArtists": "هنرمندان مورد علاقه",
    "HeaderFavoriteEpisodes": "قسمت‌های مورد علاقه",
    "HeaderFavoriteShows": "سریال‌های مورد علاقه",
    "HeaderFavoriteSongs": "آهنگ‌های مورد علاقه",
    "HeaderLiveTV": "پخش زنده",
    "HeaderNextUp": "قسمت بعدی",
    "HeaderRecordingGroups": "گروه‌های ضبط",
    "HomeVideos": "ویدیوهای خانگی",
    "Inherit": "به ارث برده",
    "ItemAddedWithName": "{0} به کتابخانه افزوده شد",
    "ItemRemovedWithName": "{0} از کتابخانه حذف شد",
    "LabelIpAddressValue": "آدرس آی پی: {0}",
    "LabelRunningTimeValue": "زمان اجرا: {0}",
    "Latest": "جدیدترین‌ها",
    "MessageApplicationUpdated": "سرور Jellyfin بروزرسانی شد",
    "MessageApplicationUpdatedTo": "سرور Jellyfin به نسخه {0} بروزرسانی شد",
    "MessageNamedServerConfigurationUpdatedWithValue": "پکربندی بخش {0} سرور بروزرسانی شد",
    "MessageServerConfigurationUpdated": "پیکربندی سرور بروزرسانی شد",
    "MixedContent": "محتوای مخلوط",
    "Movies": "فیلم ها",
    "Music": "موسیقی",
    "MusicVideos": "موزیک ویدیوها",
    "NameInstallFailed": "{0} نصب با مشکل مواجه شد",
    "NameSeasonNumber": "فصل {0}",
    "NameSeasonUnknown": "فصل ناشناخته",
    "NewVersionIsAvailable": "یک نسخه جدید Jellyfin برای بروزرسانی آماده می‌باشد.",
    "NotificationOptionApplicationUpdateAvailable": "بروزرسانی برنامه موجود است",
    "NotificationOptionApplicationUpdateInstalled": "بروزرسانی برنامه نصب شد",
    "NotificationOptionAudioPlayback": "پخش صدا آغاز شد",
    "NotificationOptionAudioPlaybackStopped": "پخش صدا متوقف شد",
    "NotificationOptionCameraImageUploaded": "تصاویر دوربین آپلود شد",
    "NotificationOptionInstallationFailed": "نصب ناموفق",
    "NotificationOptionNewLibraryContent": "محتوای جدید افزوده شد",
    "NotificationOptionPluginError": "خرابی افزونه",
    "NotificationOptionPluginInstalled": "افزونه نصب شد",
    "NotificationOptionPluginUninstalled": "افزونه حذف شد",
    "NotificationOptionPluginUpdateInstalled": "بروزرسانی افزونه نصب شد",
    "NotificationOptionServerRestartRequired": "شروع مجدد سرور نیاز است",
    "NotificationOptionTaskFailed": "شکست وظیفه برنامه ریزی شده",
    "NotificationOptionUserLockedOut": "کاربر قفل شد",
    "NotificationOptionVideoPlayback": "پخش ویدیو آغاز شد",
    "NotificationOptionVideoPlaybackStopped": "پخش ویدیو متوقف شد",
    "Photos": "عکس‌ها",
    "Playlists": "لیست‌های پخش",
    "Plugin": "افزونه",
    "PluginInstalledWithName": "{0} نصب شد",
    "PluginUninstalledWithName": "{0} حذف شد",
    "PluginUpdatedWithName": "{0} آپدیت شد",
    "ProviderValue": "ارائه دهنده: {0}",
    "ScheduledTaskFailedWithName": "{0} شکست خورد",
    "ScheduledTaskStartedWithName": "{0} شروع شد",
    "ServerNameNeedsToBeRestarted": "{0} نیاز به راه اندازی مجدد دارد",
    "Shows": "سریال‌ها",
    "Songs": "موسیقی‌ها",
    "StartupEmbyServerIsLoading": "سرور Jellyfin در حال بارگیری است. لطفا کمی بعد دوباره تلاش کنید.",
    "SubtitleDownloadFailureForItem": "دانلود زیرنویس برای {0} ناموفق بود",
    "SubtitleDownloadFailureFromForItem": "بارگیری زیرنویس برای {1} از {0} شکست خورد",
    "Sync": "همگام‌سازی",
    "System": "سیستم",
    "TvShows": "سریال‌های تلویزیونی",
    "User": "کاربر",
    "UserCreatedWithName": "کاربر {0} ایجاد شد",
    "UserDeletedWithName": "کاربر {0} حذف شد",
    "UserDownloadingItemWithValues": "{0} در حال بارگیری {1} می‌باشد",
    "UserLockedOutWithName": "کاربر {0} قفل شده است",
    "UserOfflineFromDevice": "ارتباط {0} از {1} قطع شد",
    "UserOnlineFromDevice": "{0} از {1} آنلاین می‌باشد",
    "UserPasswordChangedWithName": "گذرواژه برای کاربر {0} تغییر کرد",
    "UserPolicyUpdatedWithName": "سیاست کاربری برای {0} بروزرسانی شد",
    "UserStartedPlayingItemWithValues": "{0} در حال پخش {1} بر روی {2} است",
    "UserStoppedPlayingItemWithValues": "{0} پخش {1} را بر روی {2} به پایان رساند",
    "ValueHasBeenAddedToLibrary": "{0} به کتابخانه‌ی رسانه‌ی شما افزوده شد",
    "ValueSpecialEpisodeName": "ویژه - {0}",
    "VersionNumber": "نسخه {0}",
    "TaskCleanTranscodeDescription": "فایل‌های کدگذاری که قدیمی‌تر از یک روز هستند را حذف می‌کند.",
    "TaskCleanTranscode": "پاکسازی مسیر کد گذاری",
    "TaskUpdatePluginsDescription": "دانلود و نصب به روز رسانی افزونه‌هایی که برای به روز رسانی خودکار پیکربندی شده‌اند.",
    "TaskDownloadMissingSubtitlesDescription": "جستجوی زیرنویس‌های ناموجود در اینترنت بر اساس پیکربندی ابرداده‌ها.",
    "TaskDownloadMissingSubtitles": "دانلود زیرنویس‌های ناموجود",
    "TaskRefreshChannelsDescription": "اطلاعات کانال اینترنتی را تازه سازی می‌کند.",
    "TaskRefreshChannels": "تازه سازی کانال‌ها",
    "TaskUpdatePlugins": "به روز رسانی افزونه‌ها",
    "TaskRefreshPeopleDescription": "ابرداده‌ها برای بازیگران و کارگردانان در کتابخانه رسانه شما به روزرسانی می شوند.",
    "TaskRefreshPeople": "تازه سازی افراد",
    "TaskCleanLogsDescription": "واقعه نگارهایی را که قدیمی تر {0} روز هستند را حذف می کند.",
    "TaskCleanLogs": "پاکسازی مسیر واقعه نگار",
    "TaskRefreshLibraryDescription": "کتابخانه رسانه شما را اسکن می‌کند و ابرداده‌ها را تازه سازی می‌کند.",
    "TaskRefreshLibrary": "اسکن کتابخانه رسانه",
    "TaskRefreshChapterImagesDescription": "عکس‌های کوچک برای ویدیوهایی که سکانس دارند ایجاد می‌کند.",
    "TaskRefreshChapterImages": "استخراج عکس‌های سکانس",
    "TaskCleanCacheDescription": "فایل‌های حافظه موقت که توسط سیستم دیگر مورد نیاز نیستند حذف می‌شوند.",
    "TaskCleanCache": "پاکسازی مسیر حافظه موقت",
    "TasksChannelsCategory": "کانال‌های داخلی",
    "TasksApplicationCategory": "برنامه",
    "TasksLibraryCategory": "کتابخانه",
    "TasksMaintenanceCategory": "تعمیر",
    "Forced": "اجباری",
    "Default": "پیشفرض",
    "TaskCleanActivityLogDescription": "ورودی‌های قدیمی‌تر از سن تنظیم شده در سیاهه فعالیت را حذف می‌کند.",
    "TaskCleanActivityLog": "پاکسازی سیاهه فعالیت",
    "Undefined": "تعریف نشده",
    "TaskOptimizeDatabase": "بهینه سازی پایگاه داده",
    "TaskOptimizeDatabaseDescription": "فشرده سازی پایگاه داده و باز کردن فضای آزاد.اجرای این گزینه بعد از اسکن کردن کتابخانه یا تغییرات دیگر که روی پایگاه داده تأثیر میگذارند میتواند کارایی را بهبود ببخشد.",
    "TaskKeyframeExtractorDescription": "فریم های کلیدی را از فایل های ویدئویی استخراج می کند تا لیست های پخش HLS دقیق تری ایجاد کند. این کار ممکن است برای مدت طولانی اجرا شود.",
    "TaskKeyframeExtractor": "استخراج کننده فریم کلیدی",
    "External": "خارجی",
    "HearingImpaired": "مشکل شنوایی",
    "TaskRefreshTrickplayImages": "تولید تصاویر Trickplay",
    "TaskRefreshTrickplayImagesDescription": "تولید پیش‌نمایش های trickplay برای ویدیو های فعال شده در کتابخانه.",
    "TaskCleanCollectionsAndPlaylists": "پاکسازی مجموعه ها و لیست پخش",
    "TaskCleanCollectionsAndPlaylistsDescription": "موارد را از مجموعه ها و لیست پخش هایی که دیگر وجود ندارند حذف میکند.",
    "TaskAudioNormalizationDescription": "بررسی فایل برای داده‌های نرمال کردن صدا.",
    "TaskDownloadMissingLyrics": "دانلود متن‌های ناموجود",
    "TaskDownloadMissingLyricsDescription": "دانلود متن شعر‌ها",
    "TaskAudioNormalization": "نرمال کردن صدا",
    "TaskExtractMediaSegments": "بررسی بخش محتوا",
    "TaskExtractMediaSegmentsDescription": "بخش‌های محتوا را از افزونه‌های مربوط استخراح می‌کند.",
    "TaskMoveTrickplayImages": "جابه‌جایی عکس‌های Trickplay",
    "TaskMoveTrickplayImagesDescription": "داده‌های Trickplay را با توجه به تنظیمات کتاب‌خانه جابه‌جا می‌کند."
}
