{
    "HeaderLiveTV": "Televisio",
    "NewVersionIsAvailable": "Uusi versio Jellyfin-palvelimesta on ladattavissa.",
    "NameSeasonUnknown": "Tuntematon kausi",
    "NameSeasonNumber": "Kausi {0}",
    "NameInstallFailed": "{0} asennus epäonnistui",
    "MusicVideos": "Musiikkivideot",
    "Music": "Musiikki",
    "Movies": "Elokuvat",
    "MixedContent": "Sekalainen sisältö",
    "MessageServerConfigurationUpdated": "Palvelimen asetukset on päivitetty",
    "MessageNamedServerConfigurationUpdatedWithValue": "Palvelimen asetusten osio {0} on päivitetty",
    "MessageApplicationUpdatedTo": "Jellyfin-palvelin on päivitetty versioon {0}",
    "MessageApplicationUpdated": "Jellyfin-palvelin on päivitetty",
    "Latest": "Viimeisimmät",
    "LabelRunningTimeValue": "Kesto: {0}",
    "LabelIpAddressValue": "IP-osoite: {0}",
    "ItemRemovedWithName": "{0} poistettiin kirjastosta",
    "ItemAddedWithName": "{0} lisättiin kirjastoon",
    "Inherit": "Peri",
    "HomeVideos": "Kotivideot",
    "HeaderRecordingGroups": "Tallennusryhmät",
    "HeaderNextUp": "Seuraavaksi",
    "HeaderFavoriteSongs": "Suosikkikappaleet",
    "HeaderFavoriteShows": "Suosikkisarjat",
    "HeaderFavoriteEpisodes": "Suosikkijaksot",
    "HeaderFavoriteArtists": "Suosikkiesittäjät",
    "HeaderFavoriteAlbums": "Suosikkialbumit",
    "HeaderContinueWatching": "Jatka katselua",
    "HeaderAlbumArtists": "Albumin esittäjät",
    "Genres": "Tyylilajit",
    "Folders": "Kansiot",
    "Favorites": "Suosikit",
    "FailedLoginAttemptWithUserName": "Epäonnistunut kirjautumisyritys lähteestä \"{0}\"",
    "DeviceOnlineWithName": "{0} on yhdistetty",
    "DeviceOfflineWithName": "{0} on katkaissut yhteyden",
    "Collections": "Kokoelmat",
    "ChapterNameValue": "Kappale {0}",
    "Channels": "Kanavat",
    "CameraImageUploadedFrom": "Uusi kameran kuva on sirretty lähteestä {0}",
    "Books": "Kirjat",
    "AuthenticationSucceededWithUserName": "{0} on todennettu",
    "Artists": "Esittäjät",
    "Application": "Sovellus",
    "AppDeviceValues": "Sovellus: {0}, Laite: {1}",
    "Albums": "Albumit",
    "User": "Käyttäjä",
    "System": "Järjestelmä",
    "ScheduledTaskFailedWithName": "{0} epäonnistui",
    "PluginUpdatedWithName": "{0} päivitettiin",
    "PluginInstalledWithName": "{0} asennettiin",
    "Photos": "Valokuvat",
    "ScheduledTaskStartedWithName": "\"{0}\" käynnistetty",
    "PluginUninstalledWithName": "{0} poistettiin",
    "Playlists": "Soittolistat",
    "VersionNumber": "Versio {0}",
    "ValueSpecialEpisodeName": "Erikoisjakso - {0}",
    "ValueHasBeenAddedToLibrary": "\"{0}\" on lisätty mediakirjastoon",
    "UserStoppedPlayingItemWithValues": "{0} lopetti kohteen \"{1}\" toiston sijainnissa \"{2}\"",
    "UserStartedPlayingItemWithValues": "{0} toistaa kohdetta \"{1}\" sijainnissa \"{2}\"",
    "UserPolicyUpdatedWithName": "Käyttäjän {0} käyttöoikeudet on päivitetty",
    "UserPasswordChangedWithName": "Käyttäjän {0} salasana on vaihdettu",
    "UserOnlineFromDevice": "{0} on yhdistänyt sijainnista \"{1}\"",
    "UserOfflineFromDevice": "{0} on katkaissut yhteyden sijainnista \"{1}\"",
    "UserLockedOutWithName": "Käyttäjä {0} on lukittu",
    "UserDownloadingItemWithValues": "{0} lataa kohdetta \"{1}\"",
    "UserDeletedWithName": "Käyttäjä {0} on poistettu",
    "UserCreatedWithName": "Käyttäjä {0} on luotu",
    "TvShows": "Sarjat",
    "Sync": "Synkronointi",
    "SubtitleDownloadFailureFromForItem": "Tekstityksen lataus lähteestä \"{0}\" kohteelle \"{1}\" epäonnistui",
    "StartupEmbyServerIsLoading": "Jellyfin-palvelin latautuu. Yritä hetken kuluttua uudelleen.",
    "Songs": "Kappaleet",
    "Shows": "Sarjat",
    "ServerNameNeedsToBeRestarted": "\"{0}\" on käynnistettävä uudelleen",
    "ProviderValue": "Lähde: {0}",
    "Plugin": "Lisäosa",
    "NotificationOptionVideoPlaybackStopped": "Videon toisto lopetettu",
    "NotificationOptionVideoPlayback": "Videon toisto aloitettu",
    "NotificationOptionUserLockedOut": "Käyttäjä on lukittu",
    "NotificationOptionTaskFailed": "Ajoitettu tehtävä epäonnistui",
    "NotificationOptionServerRestartRequired": "Tarvitaan palvelimen uudelleenkäynnistys",
    "NotificationOptionPluginUpdateInstalled": "Lisäosa päivitettiin",
    "NotificationOptionPluginUninstalled": "Lisäosa poistettiin",
    "NotificationOptionPluginInstalled": "Lisäosa asennettiin",
    "NotificationOptionPluginError": "Lisäosan virhe",
    "NotificationOptionNewLibraryContent": "Sisältöä on lisätty",
    "NotificationOptionInstallationFailed": "Asennus epäonnistui",
    "NotificationOptionCameraImageUploaded": "Kameran kuva on tallennettu",
    "NotificationOptionAudioPlaybackStopped": "Äänen toisto lopetettu",
    "NotificationOptionAudioPlayback": "Äänen toisto aloitettu",
    "NotificationOptionApplicationUpdateInstalled": "Sovelluspäivitys asennettiin",
    "NotificationOptionApplicationUpdateAvailable": "Sovelluspäivitys on saatavilla",
    "TasksMaintenanceCategory": "Ylläpito",
    "TaskDownloadMissingSubtitlesDescription": "Etsii puuttuvia tekstityksiä määritettyjen metatietoasetusten mukaisesti.",
    "TaskDownloadMissingSubtitles": "Lataa puuttuvat tekstitykset",
    "TaskRefreshChannelsDescription": "Päivittää internet-kanavien tiedot.",
    "TaskRefreshChannels": "Päivitä kanavat",
    "TaskCleanTranscodeDescription": "Poistaa päivää vanhemmat transkoodaustiedostot.",
    "TaskCleanTranscode": "Puhdista transkoodauskansio",
    "TaskUpdatePluginsDescription": "Lataa ja asentaa päivitykset lisäosille, jotka on määritetty päivittymään automaattisesti.",
    "TaskUpdatePlugins": "Päivitä lisäosat",
    "TaskRefreshPeopleDescription": "Päivittää mediakirjaston näyttelijöiden ja ohjaajien metatiedot.",
    "TaskRefreshPeople": "Päivitä henkilöt",
    "TaskCleanLogsDescription": "Poistaa {0} päivää vanhemmat lokitiedostot.",
    "TaskCleanLogs": "Siivoa lokikansio",
    "TaskRefreshLibraryDescription": "Tarkastaa mediakirjastosi sisällön uusien tiedostojen varalta ja päivittää metatiedot.",
    "TaskRefreshLibrary": "Päivitä mediakirjasto",
    "TaskRefreshChapterImagesDescription": "Luo esikatselukuvat videoille, jotka sisältävät kappalejaon.",
    "TaskRefreshChapterImages": "Pura kappalejaon kuvat",
    "TaskCleanCacheDescription": "Poistaa tarpeettomiksi jääneet väliaikaistiedostot.",
    "TaskCleanCache": "Tyhjennä välimuistikansio",
    "TasksChannelsCategory": "Internet-kanavat",
    "TasksApplicationCategory": "Sovellus",
    "TasksLibraryCategory": "Kirjasto",
    "Forced": "Pakotettu",
    "Default": "Oletus",
    "TaskCleanActivityLogDescription": "Poistaa määritettyä ikää vanhemmat tapahtumat toimintahistoriasta.",
    "TaskCleanActivityLog": "Tyhjennä toimintahistoria",
    "Undefined": "Määrittelemätön",
    "TaskOptimizeDatabaseDescription": "Tiivistää ja puhdistaa tietokannan. Tämän toiminnon suorittaminen kirjastopäivityksen tai muiden mahdollisten tietokantamuutosten jälkeen voi parantaa suorituskykyä.",
    "TaskOptimizeDatabase": "Optimoi tietokanta",
    "TaskKeyframeExtractorDescription": "Purkaa videotiedostojen avainkuvat tarkempien HLS-toistolistojen luomiseksi. Tehtävä saattaa kestää huomattavan pitkään.",
    "TaskKeyframeExtractor": "Avainkuvien purkain",
    "External": "Ulkoinen",
    "HearingImpaired": "Kuulorajoitteinen",
    "TaskRefreshTrickplayImages": "Luo Trickplay-kuvat",
    "TaskRefreshTrickplayImagesDescription": "Luo Trickplay-esikatselut käytössä olevien kirjastojen videoista.",
    "TaskCleanCollectionsAndPlaylistsDescription": "Poistaa kohteet kokoelmista ja soittolistoista joita ei ole enää olemassa.",
    "TaskCleanCollectionsAndPlaylists": "Puhdista kokoelmat ja soittolistat",
    "TaskAudioNormalization": "Äänenvoimakkuuden normalisointi",
    "TaskAudioNormalizationDescription": "Etsii tiedostoista äänenvoimakkuuden normalisointitietoja.",
    "TaskDownloadMissingLyrics": "Lataa puuttuva lyriikka"
}
