{
    "Albums": "אלבומים",
    "AppDeviceValues": "יישום: {0}, מכשיר: {1}",
    "Application": "יישום",
    "Artists": "אומנים",
    "AuthenticationSucceededWithUserName": "{0} אומת בהצלחה",
    "Books": "ספרים",
    "CameraImageUploadedFrom": "תמונת מצלמה חדשה הועלתה מתוך {0}",
    "Channels": "ערוצים",
    "ChapterNameValue": "פרק {0}",
    "Collections": "אוספים",
    "DeviceOfflineWithName": "{0} התנתק",
    "DeviceOnlineWithName": "{0} מחובר",
    "FailedLoginAttemptWithUserName": "ניסיון כניסה שגוי דרך {0}",
    "Favorites": "מועדפים",
    "Folders": "תיקיות",
    "Genres": "ז׳אנרים",
    "HeaderAlbumArtists": "אמני האלבום",
    "HeaderContinueWatching": "להמשיך לצפות",
    "HeaderFavoriteAlbums": "אלבומים מועדפים",
    "HeaderFavoriteArtists": "אמנים מועדפים",
    "HeaderFavoriteEpisodes": "פרקים מועדפים",
    "HeaderFavoriteShows": "תוכניות מועדפות",
    "HeaderFavoriteSongs": "שירים מועדפים",
    "HeaderLiveTV": "שידורים חיים",
    "HeaderNextUp": "הבא בתור",
    "HeaderRecordingGroups": "קבוצות הקלטה",
    "HomeVideos": "סרטונים בייתים",
    "Inherit": "הורש",
    "ItemAddedWithName": "{0} נוסף לספרייה",
    "ItemRemovedWithName": "{0} נמחק מהספרייה",
    "LabelIpAddressValue": "Ip כתובת: {0}",
    "LabelRunningTimeValue": "משך צפייה: {0}",
    "Latest": "אחרון",
    "MessageApplicationUpdated": "שרת הJellyfin עודכן",
    "MessageApplicationUpdatedTo": "שרת ה־Jellyfin עודכן לגרסה {0}",
    "MessageNamedServerConfigurationUpdatedWithValue": "סעיף הגדרת השרת {0} עודכן",
    "MessageServerConfigurationUpdated": "תצורת השרת עודכנה",
    "MixedContent": "תוכן מעורב",
    "Movies": "סרטים",
    "Music": "מוזיקה",
    "MusicVideos": "קליפים",
    "NameInstallFailed": "התקנת {0} נכשלה",
    "NameSeasonNumber": "עונה {0}",
    "NameSeasonUnknown": "עונה לא ידועה",
    "NewVersionIsAvailable": "גרסה חדשה של שרת Jellyfin זמינה להורדה.",
    "NotificationOptionApplicationUpdateAvailable": "קיים עדכון זמין ליישום",
    "NotificationOptionApplicationUpdateInstalled": "עדכון ליישום הותקן",
    "NotificationOptionAudioPlayback": "ניגון שמע החל",
    "NotificationOptionAudioPlaybackStopped": "ניגון שמע הופסק",
    "NotificationOptionCameraImageUploaded": "תמונת מצלמה הועלתה",
    "NotificationOptionInstallationFailed": "התקנה נכשלה",
    "NotificationOptionNewLibraryContent": "תוכן חדש נוסף",
    "NotificationOptionPluginError": "כשלון בתוסף",
    "NotificationOptionPluginInstalled": "התוסף הותקן",
    "NotificationOptionPluginUninstalled": "התוסף הוסר",
    "NotificationOptionPluginUpdateInstalled": "העדכון לתוסף הותקן",
    "NotificationOptionServerRestartRequired": "יש לאתחל את השרת",
    "NotificationOptionTaskFailed": "משימה מתוזמנת נכשלה",
    "NotificationOptionUserLockedOut": "משתמש ננעל",
    "NotificationOptionVideoPlayback": "ניגון וידאו החל",
    "NotificationOptionVideoPlaybackStopped": "ניגון וידאו הופסק",
    "Photos": "צילומים",
    "Playlists": "רשימות נגינה",
    "Plugin": "תוסף",
    "PluginInstalledWithName": "{0} הותקן",
    "PluginUninstalledWithName": "{0} הוסר",
    "PluginUpdatedWithName": "{0} עודכן",
    "ProviderValue": "ספק: {0}",
    "ScheduledTaskFailedWithName": "{0} נכשל",
    "ScheduledTaskStartedWithName": "{0} החל",
    "ServerNameNeedsToBeRestarted": "{0} דורש הפעלה מחדש",
    "Shows": "סדרות",
    "Songs": "שירים",
    "StartupEmbyServerIsLoading": "שרת Jellyfin בהליכי טעינה. נא לנסות שנית בהקדם.",
    "SubtitleDownloadFailureForItem": "Subtitles failed to download for {0}",
    "SubtitleDownloadFailureFromForItem": "הורדת כתוביות מ־{0} עבור {1} נכשלה",
    "Sync": "סנכרון",
    "System": "מערכת",
    "TvShows": "סדרות טלוויזיה",
    "User": "משתמש",
    "UserCreatedWithName": "המשתמש {0} נוצר",
    "UserDeletedWithName": "המשתמש {0} הוסר",
    "UserDownloadingItemWithValues": "{0} מוריד את {1}",
    "UserLockedOutWithName": "המשתמש {0} ננעל",
    "UserOfflineFromDevice": "{0} התנתק מ־{1}",
    "UserOnlineFromDevice": "{0} מחובר מ־{1}",
    "UserPasswordChangedWithName": "הסיסמה שונתה עבור המשתמש {0}",
    "UserPolicyUpdatedWithName": "מדיניות המשתמש {0} עודכנה",
    "UserStartedPlayingItemWithValues": "{0} מנגן את {1} על {2}",
    "UserStoppedPlayingItemWithValues": "{0} סיים לנגן את {1} על {2}",
    "ValueHasBeenAddedToLibrary": "{0} התווסף לספריית המדיה שלך",
    "ValueSpecialEpisodeName": "מיוחד- {0}",
    "VersionNumber": "גרסה {0}",
    "TaskRefreshLibrary": "סרוק ספריית מדיה",
    "TaskRefreshChapterImages": "חלץ תמונות פרקים",
    "TaskCleanCacheDescription": "מחק קבצי מטמון שלא בשימוש המערכת.",
    "TaskCleanCache": "ניקוי תיקיית מטמון",
    "TasksApplicationCategory": "יישום",
    "TasksLibraryCategory": "ספרייה",
    "TasksMaintenanceCategory": "תחזוקה",
    "TaskUpdatePlugins": "עדכן תוספים",
    "TaskRefreshPeopleDescription": "מעדכן מטא נתונים עבור שחקנים ובמאים בספריית המדיה שלך.",
    "TaskRefreshPeople": "רענן אנשים",
    "TaskCleanLogsDescription": "מוחק קבצי יומן בני יותר מ- {0} ימים.",
    "TaskCleanLogs": "ניקוי תיקיית יומן",
    "TaskRefreshLibraryDescription": "סורק את ספריית המדיה שלך אחר קבצים חדשים ומרענן מטא נתונים.",
    "TaskRefreshChapterImagesDescription": "יוצר תמונות ממוזערות לסרטונים שיש להם פרקים.",
    "TasksChannelsCategory": "ערוצי אינטרנט",
    "TaskDownloadMissingSubtitlesDescription": "חפש באינטרנט עבור הכתוביות החסרות בהתבסס על המטה-דיאטה.",
    "TaskDownloadMissingSubtitles": "הורד כתוביות חסרות",
    "TaskRefreshChannelsDescription": "רענן פרטי ערוץ אינטרנטי.",
    "TaskRefreshChannels": "רענן ערוץ",
    "TaskCleanTranscodeDescription": "מחק קבצי transcode שנוצרו מלפני יותר מיום.",
    "TaskCleanTranscode": "נקה תקיית Transcode",
    "TaskUpdatePluginsDescription": "הורד והתקן עדכונים עבור תוספים שמוגדרים לעדכון אוטומטי.",
    "TaskCleanActivityLogDescription": "מחק רשומת פעילות הישנה יותר מהגיל המוגדר.",
    "TaskCleanActivityLog": "נקה רשומת פעילות",
    "Undefined": "לא מוגדר",
    "Forced": "כפוי",
    "Default": "ברירת מחדל",
    "TaskOptimizeDatabase": "מיטוב מסד נתונים",
    "TaskOptimizeDatabaseDescription": "דוחס את מסד הנתונים ומוריד את שטח האחסון שבשימוש. הרצה של פעולה זו לאחר סריקת הספרייה או שינויים אחרים שמשפיעים על מסד הנתונים יכולה לשפר ביצועים.",
    "TaskKeyframeExtractorDescription": "חלץ תמונות מפתח מקבצי וידאו בכדי ליצור רשימות השמעה מדויקות יותר של HLS. משימה זו עלולה להימשך זמן רב.",
    "TaskKeyframeExtractor": "מחלץ תמונות מפתח",
    "External": "חיצוני",
    "HearingImpaired": "לקוי שמיעה",
    "TaskRefreshTrickplayImages": "יצירת תמונות המחשה",
    "TaskRefreshTrickplayImagesDescription": "יוצר תמונות המחשה לסרטונים שפעילים בספריות.",
    "TaskAudioNormalization": "נרמול שמע",
    "TaskCleanCollectionsAndPlaylistsDescription": "מנקה פריטים לא קיימים מאוספים ורשימות השמעה.",
    "TaskAudioNormalizationDescription": "מחפש קבצי נורמליזציה של שמע.",
    "TaskCleanCollectionsAndPlaylists": "מנקה אוספים ורשימות השמעה",
    "TaskDownloadMissingLyrics": "הורדת מילים חסרות",
    "TaskDownloadMissingLyricsDescription": "הורדת מילים לשירים",
    "TaskMoveTrickplayImages": "מעביר את מיקום תמונות Trickplay",
    "TaskExtractMediaSegments": "סריקת מדיה",
    "TaskExtractMediaSegmentsDescription": "מחלץ חלקי מדיה מתוספים המאפשרים זאת.",
    "TaskMoveTrickplayImagesDescription": "מזיז קבצי trickplay קיימים בהתאם להגדרות הספרייה."
}
