{
    "TasksLibraryCategory": "Գրադարան",
    "TasksApplicationCategory": "Հավելված",
    "TaskCleanActivityLog": "Մաքրել ակտիվության մատյանը",
    "Application": "Հավելված",
    "AuthenticationSucceededWithUserName": "{0} հաջողությամբ վավերականացվել են",
    "Books": "Գրքեր",
    "CameraImageUploadedFrom": "Նոր լուսանկար է վերբեռնվել {0}-ի կողմից",
    "Channels": "Ալիքներ",
    "DeviceOfflineWithName": "{0}ը անջատվեց",
    "External": "Արտաքին",
    "FailedLoginAttemptWithUserName": "Ձախողված մուտքի փործ {0}-ի կողմից",
    "Folders": "Պանակներ",
    "HeaderContinueWatching": "Շարունակել դիտումը",
    "Inherit": "Ժառանգել",
    "ItemAddedWithName": "{0}ը ավացված է գրադարանի մեջ",
    "ItemRemovedWithName": "{0}ը հեռացված է գրադարանից",
    "LabelIpAddressValue": "IP հասցե` {0}",
    "Movies": "Ֆիլմեր",
    "Music": "Երաժշտություն",
    "NameSeasonNumber": "Սեզոն {0}",
    "Photos": "Լուսանկարներ",
    "PluginInstalledWithName": "{0}ն տեղադրված է",
    "Songs": "Երգեր",
    "System": "Համակարգ",
    "TvShows": "Հեռուստասերիալներ",
    "User": "Օգտատեր",
    "VersionNumber": "Տարբերակ {0}",
    "TasksMaintenanceCategory": "Սպասարկում",
    "TasksChannelsCategory": "Ինտերնետային ալիքներ",
    "TaskRefreshPeople": "Թարմացնել մարդկանց",
    "TaskRefreshChannels": "Թարմացնել ալիքները",
    "TaskDownloadMissingSubtitles": "Ներբեռնել պակասող ենթագրերը",
    "Albums": "Ալբոմներ",
    "AppDeviceValues": "Հավելված` {0}, Սարք `{1}",
    "ChapterNameValue": "Գլուխ {0}",
    "Collections": "Հավաքածուներ",
    "DeviceOnlineWithName": "{0}-ն միացված է"
}
