{
    "LabelIpAddressValue": "IP tala: {0}",
    "ItemRemovedWithName": "{0} var fjarlægt úr safninu",
    "ItemAddedWithName": "{0} var bætt í safnið",
    "Inherit": "Erfa",
    "HomeVideos": "Heimamyndbönd",
    "HeaderRecordingGroups": "Upptökuhópar",
    "HeaderNextUp": "Næst á dagskrá",
    "HeaderLiveTV": "Sjónvarp í beinni útsendingu",
    "HeaderFavoriteSongs": "Uppáhalds Lög",
    "HeaderFavoriteShows": "Uppáhalds Sjónvarpsþættir",
    "HeaderFavoriteEpisodes": "Uppáhalds Þættir",
    "HeaderFavoriteArtists": "Uppáhalds Listamenn",
    "HeaderFavoriteAlbums": "Uppáhalds Plötur",
    "HeaderContinueWatching": "Halda áfram að horfa",
    "HeaderAlbumArtists": "Listamaður á umslagi",
    "Genres": "Stefnur",
    "Folders": "Möppur",
    "Favorites": "Uppáhalds",
    "FailedLoginAttemptWithUserName": "{0} mistókst að auðkenna sig",
    "DeviceOnlineWithName": "{0} hefur tengst",
    "DeviceOfflineWithName": "{0} hefur aftengst",
    "Collections": "Söfn",
    "ChapterNameValue": "Kafli {0}",
    "Channels": "Rásir",
    "CameraImageUploadedFrom": "{0} hefur hlaðið upp nýrri ljósmynd úr myndavél sinni",
    "Books": "Bækur",
    "AuthenticationSucceededWithUserName": "Auðkenning fyrir {0} tókst",
    "Artists": "Listamenn",
    "Application": "Forrit",
    "AppDeviceValues": "Snjallforrit: {0}, Tæki: {1}",
    "Albums": "Plötur",
    "Plugin": "Viðbótarvirkni",
    "Photos": "Ljósmyndir",
    "NotificationOptionVideoPlaybackStopped": "Myndbandsafspilun stöðvuð",
    "NotificationOptionVideoPlayback": "Myndbandsafspilun hafin",
    "NotificationOptionUserLockedOut": "Notandi læstur úti",
    "NotificationOptionServerRestartRequired": "Endurræsing þjóns er nauðsynleg",
    "NotificationOptionPluginUpdateInstalled": "Uppfærslu á viðbótarvirkni lokið",
    "NotificationOptionPluginUninstalled": "Viðbótarvirkni fjarlægð",
    "NotificationOptionPluginInstalled": "Viðbótarvirkni sett upp",
    "NotificationOptionPluginError": "Bilun í viðbót",
    "NotificationOptionInstallationFailed": "Uppsetning tókst ekki",
    "NotificationOptionCameraImageUploaded": "Ljósmynd hlaðið upp",
    "NotificationOptionAudioPlaybackStopped": "Hljóðafspilun stöðvuð",
    "NotificationOptionAudioPlayback": "Hljóðafspilun hafin",
    "NotificationOptionApplicationUpdateInstalled": "Uppfærsla uppsett",
    "NotificationOptionApplicationUpdateAvailable": "Uppfærsla í boði",
    "NameSeasonUnknown": "Þáttaröð óþekkt",
    "NameSeasonNumber": "Þáttaröð {0}",
    "MixedContent": "Blandað efni",
    "MessageServerConfigurationUpdated": "Stillingar þjóns hafa verið uppfærðar",
    "MessageApplicationUpdatedTo": "Jellyfin þjónn hefur verið uppfærður í {0}",
    "MessageApplicationUpdated": "Jellyfin þjónn hefur verið uppfærður",
    "Latest": "Nýjasta",
    "LabelRunningTimeValue": "spilunartími: {0}",
    "User": "Notandi",
    "System": "Kerfi",
    "NotificationOptionNewLibraryContent": "Nýju efni bætt við",
    "NewVersionIsAvailable": "Ný útgáfa af Jellyfin þjón er tilbúin til niðurhals.",
    "NameInstallFailed": "{0} uppsetning mistókst",
    "MusicVideos": "Tónlistarmyndbönd",
    "Music": "Tónlist",
    "Movies": "Kvikmyndir",
    "UserDeletedWithName": "Notanda {0} hefur verið eytt",
    "UserCreatedWithName": "Notandi {0} hefur verið stofnaður",
    "TvShows": "Sjónvarpsþættir",
    "Sync": "Samstilla",
    "Songs": "Lög",
    "ServerNameNeedsToBeRestarted": "{0} þarf að vera endurræstur",
    "ScheduledTaskStartedWithName": "{0} hafin",
    "ScheduledTaskFailedWithName": "{0} mistókst",
    "PluginUpdatedWithName": "{0} var uppfært",
    "PluginUninstalledWithName": "{0} var fjarlægt",
    "PluginInstalledWithName": "{0} var sett upp",
    "NotificationOptionTaskFailed": "Tímasett verkefni mistókst",
    "StartupEmbyServerIsLoading": "Jellyfin netþjónnin er að ræsa sig upp. Vinsamlegast reyndu aftur fljótlega.",
    "VersionNumber": "Útgáfa {0}",
    "ValueHasBeenAddedToLibrary": "{0} hefur verið bætt við í gagnasafnið þitt",
    "UserStoppedPlayingItemWithValues": "{0} hefur lokið spilunar af {1} á {2}",
    "UserStartedPlayingItemWithValues": "{0} er að spila {1} á {2}",
    "UserPolicyUpdatedWithName": "Notandaregla hefur verið uppfærð fyrir {0}",
    "UserPasswordChangedWithName": "Lykilorði fyrir notandann {0} hefur verið breytt",
    "UserOnlineFromDevice": "{0} hefur verið virkur síðan {1}",
    "UserOfflineFromDevice": "{0} hefur aftengst frá {1}",
    "UserLockedOutWithName": "Notandi {0} hefur verið læstur úti",
    "UserDownloadingItemWithValues": "{0} hleður niður {1}",
    "SubtitleDownloadFailureFromForItem": "Tókst ekki að hala niður skjátextum frá {0} til {1}",
    "ProviderValue": "Efnisveita: {0}",
    "MessageNamedServerConfigurationUpdatedWithValue": "Stilling {0} hefur verið uppfærð á netþjón",
    "ValueSpecialEpisodeName": "Sérstaktur - {0}",
    "Shows": "Þættir",
    "Playlists": "Efnisskrár",
    "TaskRefreshChannelsDescription": "Endurhlaða upplýsingum netrása.",
    "TaskRefreshChannels": "Endurhlaða Rásir",
    "TaskCleanTranscodeDescription": "Eyða umkóðuðum skrám sem eru meira en einum degi eldri.",
    "TaskCleanTranscode": "Hreinsa Umkóðunarmöppu",
    "TaskUpdatePluginsDescription": "Sækja og setja upp uppfærslur fyrir viðbætur sem eru stilltar til að uppfæra sjálfkrafa.",
    "TaskUpdatePlugins": "Uppfæra viðbætur",
    "TaskRefreshPeopleDescription": "Uppfærir lýsigögn fyrir leikara og leikstjóra í miðlasafninu þínu.",
    "TaskRefreshLibraryDescription": "Skannar miðlasafnið þitt fyrir nýjum skrám og uppfærir lýsigögn.",
    "TaskRefreshLibrary": "Skanna miðlasafn",
    "TaskRefreshChapterImagesDescription": "Býr til smámyndir fyrir myndbönd sem hafa kaflaskil.",
    "TaskCleanCacheDescription": "Eyðir skrám í skyndiminni sem ekki er lengur þörf fyrir í kerfinu.",
    "TaskCleanCache": "Hreinsa skráasafn skyndiminnis",
    "TasksChannelsCategory": "Netrásir",
    "TasksApplicationCategory": "Forrit",
    "TasksLibraryCategory": "Miðlasafn",
    "TasksMaintenanceCategory": "Viðhald",
    "Default": "Sjálfgefið",
    "TaskCleanActivityLog": "Hreinsa athafnaskrá",
    "TaskRefreshPeople": "Endurnýja fólk",
    "TaskDownloadMissingSubtitles": "Sækja texta sem vantar",
    "TaskOptimizeDatabase": "Fínstilla gagnagrunn",
    "Undefined": "Óskilgreint",
    "TaskCleanLogsDescription": "Eyðir færslu skrám sem eru meira en {0} gömul.",
    "TaskCleanLogs": "Hreinsa færslu skrá",
    "TaskDownloadMissingSubtitlesDescription": "Leitar á netinu að texta sem vantar miðað við uppsetningu lýsigagna.",
    "HearingImpaired": "Heyrnarskertur",
    "TaskOptimizeDatabaseDescription": "Þjappar gagnagrunni og bætir við lausu diskaplássi. Að keyra þessa aðgerð eftir skönnun safnsins, eða eftir einhverjar breytingar sem fela í sér gagnagrunnsbreytingar, gætu aukið hraðvirkni.",
    "TaskKeyframeExtractor": "Lykilrammaplokkari",
    "TaskKeyframeExtractorDescription": "Plokkar lykilramma úr myndbandsskrám til að búa til nákvæmari HLS uppskiptingarlista. Þetta verk getur tekið langan tíma.",
    "TaskRefreshChapterImages": "Plokka kafla-myndir",
    "TaskCleanActivityLogDescription": "Eyðir virkniskráningarfærslum sem hafa náð settum hámarksaldri.",
    "Forced": "Þvingað",
    "External": "Útvær",
    "TaskRefreshTrickplayImagesDescription": "Býr til hraðspilunarmyndir fyrir myndbönd í virkum söfnum.",
    "TaskRefreshTrickplayImages": "Búa til hraðspilunarmyndir",
    "TaskAudioNormalization": "Hljóðstöðlun",
    "TaskAudioNormalizationDescription": "Leitar að hljóðstöðlunargögnum í skrám.",
    "TaskCleanCollectionsAndPlaylists": "Hreinsa söfn og spilunarlista",
    "TaskCleanCollectionsAndPlaylistsDescription": "Fjarlægir hluti úr söfnum og spilalistum sem eru ekki lengur til.",
    "TaskDownloadMissingLyricsDescription": "Sækja söngtexta fyrir lög",
    "TaskDownloadMissingLyrics": "Sækja söngtexta sem vantar"
}
