{
    "Genres": "ჟანრები",
    "HeaderAlbumArtists": "ალბომის შემსრულებლები",
    "HeaderFavoriteAlbums": "რჩეული ალბომები",
    "TasksApplicationCategory": "აპლიკაცია",
    "Albums": "ალბომები",
    "AppDeviceValues": "აპლიკაცია: {0}, მოწყობილობა: {1}",
    "Application": "აპლიკაცია",
    "Artists": "არტისტი",
    "AuthenticationSucceededWithUserName": "{0} -ის ავთენტიკაცია წარმატებულია",
    "Books": "წიგნები",
    "Forced": "ძალით",
    "Inherit": "მემკვიდრეობით",
    "Latest": "უახლესი",
    "Movies": "ფილმები",
    "Music": "მუსიკა",
    "Photos": "ფოტოები",
    "Playlists": "დასაკრავი სიები",
    "Plugin": "დამატება",
    "Shows": "სერიალები",
    "Songs": "სიმღერები",
    "Sync": "სინქრონიზაცია",
    "System": "სისტემა",
    "Undefined": "აღუწერელი",
    "User": "მომხმარებელი",
    "TasksMaintenanceCategory": "რემონტი",
    "TasksLibraryCategory": "ბიბლიოთეკა",
    "ChapterNameValue": "თავი {0}",
    "HeaderContinueWatching": "ყურების გაგრძელება",
    "HeaderFavoriteArtists": "რჩეული შემსრულებლები",
    "DeviceOfflineWithName": "{0} გაითიშა",
    "External": "გარე",
    "HeaderFavoriteEpisodes": "რჩეული ეპიზოდები",
    "HeaderFavoriteSongs": "რჩეული სიმღერები",
    "HeaderRecordingGroups": "ჩამწერი ჯგუფები",
    "HearingImpaired": "სმენადაქვეითებული",
    "LabelRunningTimeValue": "გაშვებულობის დრო: {0}",
    "MessageApplicationUpdatedTo": "Jellyfin-ის სერვერი განახლდა {0}-ზე",
    "MessageNamedServerConfigurationUpdatedWithValue": "სერვერის კონფიგურაციის სექცია {0} განახლდა",
    "MixedContent": "შერეული შემცველობა",
    "MusicVideos": "მუსიკის ვიდეოები",
    "NotificationOptionInstallationFailed": "დაყენების შეცდომა",
    "NotificationOptionApplicationUpdateInstalled": "აპლიკაციის განახლება დაყენებულია",
    "NotificationOptionAudioPlayback": "აუდიოს დაკვრა დაწყებულია",
    "NotificationOptionCameraImageUploaded": "კამერის გამოსახულება ატვირთულია",
    "NotificationOptionVideoPlaybackStopped": "ვიდეოს დაკვრა გაჩერებულია",
    "PluginUninstalledWithName": "{0} წაიშალა",
    "ScheduledTaskStartedWithName": "{0} გაეშვა",
    "VersionNumber": "ვერსია {0}",
    "TasksChannelsCategory": "ინტერნეტ-არხები",
    "ValueSpecialEpisodeName": "სპეციალური - {0}",
    "TaskRefreshChannelsDescription": "ინტერნეტ-არხის ინფორმაციის განახლება.",
    "Channels": "არხები",
    "Collections": "კოლექციები",
    "Default": "ნაგულისხმები",
    "Favorites": "რჩეულები",
    "Folders": "საქაღალდეები",
    "HeaderFavoriteShows": "რჩეული სერიალები",
    "HeaderLiveTV": "ცოცხალი TV",
    "HeaderNextUp": "შემდეგი ზემოთ",
    "HomeVideos": "სახლის ვიდეოები",
    "NameSeasonNumber": "სეზონი {0}",
    "NameSeasonUnknown": "სეზონი უცნობია",
    "NotificationOptionPluginError": "დამატების შეცდომა",
    "NotificationOptionPluginInstalled": "დამატება დაყენებულია",
    "NotificationOptionPluginUninstalled": "დამატება წაიშალა",
    "ProviderValue": "მომწოდებელი: {0}",
    "ScheduledTaskFailedWithName": "{0} ავარიულია",
    "TvShows": "TV სერიალები",
    "TaskRefreshPeople": "ხალხის განახლება",
    "TaskUpdatePlugins": "დამატებების განახლება",
    "TaskRefreshChannels": "არხების განახლება",
    "TaskOptimizeDatabase": "ბაზების ოპტიმიზაცია",
    "TaskKeyframeExtractor": "საკვანძო კადრის გამომღები",
    "DeviceOnlineWithName": "{0} შეერთებულია",
    "LabelIpAddressValue": "IP მისამართი: {0}",
    "NameInstallFailed": "{0}-ის დაყენების შეცდომა",
    "NotificationOptionApplicationUpdateAvailable": "ხელმისაწვდომია აპლიკაციის განახლება",
    "NotificationOptionAudioPlaybackStopped": "აუდიოს დაკვრა გაჩერებულია",
    "NotificationOptionNewLibraryContent": "ახალი შემცველობა დამატებულია",
    "NotificationOptionPluginUpdateInstalled": "დამატების განახლება დაყენებულია",
    "NotificationOptionServerRestartRequired": "სერვერის გადატვირთვა აუცილებელია",
    "NotificationOptionTaskFailed": "დაგეგმილი ამოცანის შეცდომა",
    "NotificationOptionUserLockedOut": "მომხმარებელი დაიბლოკა",
    "NotificationOptionVideoPlayback": "ვიდეოს დაკვრა დაწყებულია",
    "PluginInstalledWithName": "{0} დაყენებულია",
    "PluginUpdatedWithName": "{0} განახლდა",
    "TaskCleanActivityLog": "აქტივობების ჟურნალის გასუფთავება",
    "TaskCleanCache": "ქეშის საქაღალდის გასუფთავება",
    "TaskRefreshChapterImages": "თავის სურათების გაშლა",
    "TaskRefreshLibrary": "მედიის ბიბლიოთეკის სკანირება",
    "TaskCleanLogs": "ჟურნალის საქაღალდის გასუფთავება",
    "TaskCleanTranscode": "ტრანსკოდირების საქაღალდის გასუფთავება",
    "TaskDownloadMissingSubtitles": "ნაკლული სუბტიტრების გადმოწერა",
    "UserDownloadingItemWithValues": "{0} -ი {0}-ს იწერს",
    "FailedLoginAttemptWithUserName": "{0}-დან შემოსვლის შეცდომა",
    "MessageApplicationUpdated": "Jellyfin-ის სერვერი განახლდა",
    "MessageServerConfigurationUpdated": "სერვერის კონფიგურაცია განახლდა",
    "ServerNameNeedsToBeRestarted": "საჭიროა {0}-ის გადატვირთვა",
    "UserCreatedWithName": "მომხმარებელი {0} შეიქმნა",
    "UserDeletedWithName": "მომხმარებელი {0} წაშლილია",
    "UserOnlineFromDevice": "{0}-ი ხაზზეა {1}-დან",
    "UserOfflineFromDevice": "{0}-ი {1}-დან გაითიშა",
    "ItemAddedWithName": "{0} ჩამატებულია ბიბლიოთეკაში",
    "ItemRemovedWithName": "{0} წაშლილია ბიბლიოთეკიდან",
    "UserLockedOutWithName": "მომხმარებელი {0} დაბლოკილია",
    "UserStartedPlayingItemWithValues": "{0} თამაშობს {1}-ს {2}-ზე",
    "UserPasswordChangedWithName": "მომხმარებლისთვის {0} პაროლი შეცვლილია",
    "UserPolicyUpdatedWithName": "{0}-ის მომხმარებლის პოლიტიკა განახლდა",
    "UserStoppedPlayingItemWithValues": "{0}-მა დაამთავრა {1}-ის დაკვრა {2}-ზე",
    "TaskRefreshChapterImagesDescription": "თავების მქონე ვიდეოებისთვის მინიატურების შექმნა.",
    "TaskKeyframeExtractorDescription": "უფრო ზუსტი HLS დასაკრავი სიებისითვის ვიდეოდან საკვანძო გადრების ამოღება. შეიძლება საკმაო დრო დასჭირდეს.",
    "NewVersionIsAvailable": "გადმოსაწერად ხელმისაწვდომია Jellyfin -ის ახალი ვერსია.",
    "CameraImageUploadedFrom": "ახალი კამერის გამოსახულება ატვირთულია {0}-დან",
    "StartupEmbyServerIsLoading": "Jellyfin სერვერი იტვირთება. მოგვიანებით სცადეთ.",
    "SubtitleDownloadFailureFromForItem": "{0}-დან {1}-სთვის სუბტიტრების გადმოწერის შეცდომა",
    "ValueHasBeenAddedToLibrary": "{0} დაემატა თქვენს მედიის ბიბლიოთეკას",
    "TaskCleanActivityLogDescription": "მითითებულ ასაკზე ძველი ჟურნალის ჩანაწერების წაშლა.",
    "TaskCleanCacheDescription": "სისტემისთვის არასაჭირო ქეშის ფაილების წაშლა.",
    "TaskRefreshLibraryDescription": "თქვენი მედია ბიბლიოთეკაში ახალი ფაილების ძებნა და მეტამონაცემების განახლება.",
    "TaskCleanLogsDescription": "{0} დღეზე ძველი ჟურნალის ფაილების წაშლა.",
    "TaskRefreshPeopleDescription": "თქვენს მედიის ბიბლიოთეკაში მსახიობების და რეჟისორების მეტამონაცემების განახლება.",
    "TaskUpdatePluginsDescription": "ავტომატურად განახლებადად მონიშნული დამატებების განახლებების გადმოწერა და დაყენება.",
    "TaskCleanTranscodeDescription": "ერთ დღეზე უფრო ძველი ტრანსკოდირების ფაილების წაშლა.",
    "TaskDownloadMissingSubtitlesDescription": "მეტამონაცემებზე დაყრდნობით ინტერნეტში ნაკლული სუბტიტრების ძებნა.",
    "TaskOptimizeDatabaseDescription": "ბაზს შეკუშვა და ადგილის გათავისუფლება. ამ ამოცანის ბიბლიოთეკის სკანირების ან ნებისმიერი ცვლილების, რომელიც ბაზაში რამეს აკეთებს, გაშვებას შეუძლია ბაზის წარმადობა გაზარდოს.",
    "TaskRefreshTrickplayImagesDescription": "ქმნის trickplay წინასწარ ხედებს ვიდეოებისთვის ჩართულ ბიბლიოთეკებში.",
    "TaskRefreshTrickplayImages": "Trickplay სურათების გენერირება"
}
