{
    "Albums": "Albumai",
    "AppDeviceValues": "Programa: {0}, Įrenginys: {1}",
    "Application": "Programėlė",
    "Artists": "Atlikėjai",
    "AuthenticationSucceededWithUserName": "{0} sėkmingai autentifikuota",
    "Books": "Knygos",
    "CameraImageUploadedFrom": "Nauja nuotrauka įkelta iš kameros {0}",
    "Channels": "Kanalai",
    "ChapterNameValue": "Scena{0}",
    "Collections": "Kolekcijos",
    "DeviceOfflineWithName": "{0} buvo atjungtas",
    "DeviceOnlineWithName": "{0} prisijungęs",
    "FailedLoginAttemptWithUserName": "Nesėkmingas {0} bandymas prisijungti",
    "Favorites": "Mėgstami",
    "Folders": "Katalogai",
    "Genres": "Žanrai",
    "HeaderAlbumArtists": "Albumo atlikėjai",
    "HeaderContinueWatching": "Žiūrėti toliau",
    "HeaderFavoriteAlbums": "Mėgstami Albumai",
    "HeaderFavoriteArtists": "Mėgstami Atlikėjai",
    "HeaderFavoriteEpisodes": "Mėgstamiausios serijos",
    "HeaderFavoriteShows": "Mėgstamiausios TV Laidos",
    "HeaderFavoriteSongs": "Mėgstamos Dainos",
    "HeaderLiveTV": "Tiesioginė TV",
    "HeaderNextUp": "Toliau eilėje",
    "HeaderRecordingGroups": "Įrašų grupės",
    "HomeVideos": "Namų vaizdo įrašai",
    "Inherit": "Paveldėti",
    "ItemAddedWithName": "{0} - buvo įkeltas į mediateką",
    "ItemRemovedWithName": "{0} - buvo pašalinta iš mediatekos",
    "LabelIpAddressValue": "IP adresas: {0}",
    "LabelRunningTimeValue": "Trukmė: {0}",
    "Latest": "Naujausi",
    "MessageApplicationUpdated": "\"Jellyfin Server\" atnaujintas",
    "MessageApplicationUpdatedTo": "\"Jellyfin Server\" buvo atnaujinta iki {0}",
    "MessageNamedServerConfigurationUpdatedWithValue": "Serverio nustatymai (skyrius {0}) buvo atnaujinti",
    "MessageServerConfigurationUpdated": "Serverio nustatymai buvo atnaujinti",
    "MixedContent": "Mixed content",
    "Movies": "Filmai",
    "Music": "Muzika",
    "MusicVideos": "Muzikiniai vaizdo įrašai",
    "NameInstallFailed": "{0} diegimo klaida",
    "NameSeasonNumber": "Sezonas {0}",
    "NameSeasonUnknown": "Sezonas neatpažintas",
    "NewVersionIsAvailable": "Nauja \"Jellyfin Server\" versija yra prieinama atsisiuntimui.",
    "NotificationOptionApplicationUpdateAvailable": "Galimi programos atnaujinimai",
    "NotificationOptionApplicationUpdateInstalled": "Programos atnaujinimai įdiegti",
    "NotificationOptionAudioPlayback": "Garso atkūrimas pradėtas",
    "NotificationOptionAudioPlaybackStopped": "Garso atkūrimas sustabdytas",
    "NotificationOptionCameraImageUploaded": "Kameros vaizdai įkelti",
    "NotificationOptionInstallationFailed": "Diegimo klaida",
    "NotificationOptionNewLibraryContent": "Naujas turinys įkeltas",
    "NotificationOptionPluginError": "Įskiepio klaida",
    "NotificationOptionPluginInstalled": "Įskiepis įdiegtas",
    "NotificationOptionPluginUninstalled": "Įskiepis pašalintas",
    "NotificationOptionPluginUpdateInstalled": "Įskiepio atnaujinimas įdiegtas",
    "NotificationOptionServerRestartRequired": "Reikalingas serverio perleidimas",
    "NotificationOptionTaskFailed": "Suplanuotos užduoties klaida",
    "NotificationOptionUserLockedOut": "Vartotojas užblokuotas",
    "NotificationOptionVideoPlayback": "Vaizdo įrašo atkūrimas pradėtas",
    "NotificationOptionVideoPlaybackStopped": "Vaizdo įrašo atkūrimas sustabdytas",
    "Photos": "Nuotraukos",
    "Playlists": "Grojaraštis",
    "Plugin": "Plugin",
    "PluginInstalledWithName": "{0} buvo įdiegtas",
    "PluginUninstalledWithName": "{0} buvo pašalintas",
    "PluginUpdatedWithName": "{0} buvo atnaujintas",
    "ProviderValue": "Provider: {0}",
    "ScheduledTaskFailedWithName": "{0} klaida",
    "ScheduledTaskStartedWithName": "{0} paleista",
    "ServerNameNeedsToBeRestarted": "{0} reikia iš naujo paleisti",
    "Shows": "Laidos",
    "Songs": "Kūriniai",
    "StartupEmbyServerIsLoading": "Jellyfin Server kraunasi. Netrukus pabandykite dar kartą.",
    "SubtitleDownloadFailureForItem": "Subtitles failed to download for {0}",
    "SubtitleDownloadFailureFromForItem": "{1} subtitrai buvo nesėkmingai parsiųsti iš {0}",
    "Sync": "Sinchronizuoti",
    "System": "System",
    "TvShows": "TV Serialai",
    "User": "User",
    "UserCreatedWithName": "Vartotojas {0} buvo sukurtas",
    "UserDeletedWithName": "Vartotojas {0} ištrintas",
    "UserDownloadingItemWithValues": "{0} siunčiasi {1}",
    "UserLockedOutWithName": "Vartotojas {0} užblokuotas",
    "UserOfflineFromDevice": "{0} buvo atjungtas nuo {1}",
    "UserOnlineFromDevice": "{0} prisijungęs iš {1}",
    "UserPasswordChangedWithName": "Slaptažodis pakeistas vartotojui {0}",
    "UserPolicyUpdatedWithName": "Vartotojo {0} teisės buvo pakeistos",
    "UserStartedPlayingItemWithValues": "{0} leidžia {1} į {2}",
    "UserStoppedPlayingItemWithValues": "{0} baigė leisti {1} į {2}",
    "ValueHasBeenAddedToLibrary": "{0} pridėtas į mediateką",
    "ValueSpecialEpisodeName": "Ypatinga - {0}",
    "VersionNumber": "Version {0}",
    "TaskUpdatePluginsDescription": "Atsisiųsti ir įdiegti atnaujinimus priedams kuriem yra nustatytas automatiškas atnaujinimas.",
    "TaskUpdatePlugins": "Atnaujinti Priedus",
    "TaskDownloadMissingSubtitlesDescription": "Ieško internete trūkstamų subtitrų remiantis metaduomenų konfigūracija.",
    "TaskCleanTranscodeDescription": "Ištrina dienos senumo perkodavimo failus.",
    "TaskCleanTranscode": "Išvalyti Perkodavimo Direktorija",
    "TaskRefreshLibraryDescription": "Ieškoti naujų failų jūsų mediatekoje ir atnaujina metaduomenis.",
    "TaskRefreshLibrary": "Skenuoti Mediateka",
    "TaskDownloadMissingSubtitles": "Atsisiųsti trūkstamus subtitrus",
    "TaskRefreshChannelsDescription": "Atnaujina internetinių kanalų informacija.",
    "TaskRefreshChannels": "Atnaujinti Kanalus",
    "TaskRefreshPeopleDescription": "Atnaujina metaduomenis apie aktorius ir režisierius jūsų mediatekoje.",
    "TaskRefreshPeople": "Atnaujinti Žmones",
    "TaskCleanLogsDescription": "Ištrina žurnalo failus kurie yra senesni nei {0} dienos.",
    "TaskCleanLogs": "Išvalyti Žurnalą",
    "TaskRefreshChapterImagesDescription": "Sukuria miniatiūras vaizdo įrašam, kurie turi scenas.",
    "TaskRefreshChapterImages": "Ištraukti Scenų Paveikslus",
    "TaskCleanCache": "Išvalyti Talpyklą",
    "TaskCleanCacheDescription": "Ištrina talpyklos failus, kurių daugiau nereikia sistemai.",
    "TasksChannelsCategory": "Internetiniai Kanalai",
    "TasksApplicationCategory": "Programa",
    "TasksLibraryCategory": "Mediateka",
    "TasksMaintenanceCategory": "Priežiūra",
    "TaskCleanActivityLog": "Išvalyti veiklos žurnalą",
    "Undefined": "Neapibrėžtas",
    "Forced": "Priverstas",
    "Default": "Numatytas",
    "TaskCleanActivityLogDescription": "Ištrina veiklos žuranlo įrašus, kurie yra senesni nei nustatytas amžius.",
    "TaskOptimizeDatabase": "Optimizuoti duomenų bazės",
    "TaskKeyframeExtractorDescription": "Iš vaizdo įrašo paruošia reikšminius kadrus, kad būtų sukuriamas tikslenis HLS grojaraštis. Šios užduoties vykdymas gali ilgai užtrukti.",
    "TaskKeyframeExtractor": "Pagrindinių kadrų ištraukėjas",
    "TaskOptimizeDatabaseDescription": "Suspaudžia duomenų bazę ir atlaisvina vietą. Paleidžiant šią užduotį, po bibliotekos skenavimo arba kitų veiksmų kurie galimai modifikuoja duomenų bazė, gali pagerinti greitaveiką.",
    "External": "Išorinis",
    "HearingImpaired": "Su klausos sutrikimais",
    "TaskRefreshTrickplayImages": "Generuoti Trickplay atvaizdus",
    "TaskRefreshTrickplayImagesDescription": "Sukuria trickplay peržiūras vaizdo įrašams įgalintose bibliotekose.",
    "TaskCleanCollectionsAndPlaylists": "Sutvarko duomenis jūsų kolekcijose ir grojaraščiuose",
    "TaskCleanCollectionsAndPlaylistsDescription": "Pašalina nebeegzistuojančius elementus iš kolekcijų ir grojaraščių.",
    "TaskAudioNormalization": "Garso Normalizavimas",
    "TaskAudioNormalizationDescription": "Skenuoti garso normalizavimo informacijos failuose.",
    "TaskExtractMediaSegments": "Medijos Segmentų Nuskaitymas",
    "TaskDownloadMissingLyrics": "Parsisiųsti trūkstamus dainų tekstus",
    "TaskExtractMediaSegmentsDescription": "Ištraukia arba gauna medijos segmentus iš MediaSegment ijungtų papildinių.",
    "TaskMoveTrickplayImages": "Migruoti Trickplay Vaizdų Vietą",
    "TaskMoveTrickplayImagesDescription": "Perkelia egzisuojančius trickplay failus pagal bibliotekos nustatymus.",
    "TaskDownloadMissingLyricsDescription": "Parsisiųsti dainų žodžius"
}
