{
    "Books": "पुस्तकं",
    "Artists": "संगीतकार",
    "Albums": "अल्बम",
    "Playlists": "प्लेलिस्ट",
    "HeaderAlbumArtists": "अल्बम संगीतकार",
    "Folders": "फोल्डर",
    "HeaderFavoriteEpisodes": "आवडते भाग",
    "HeaderFavoriteSongs": "आवडती गाणी",
    "Movies": "चित्रपट",
    "HeaderFavoriteArtists": "आवडते संगीतकार",
    "Shows": "कार्यक्रम",
    "HeaderFavoriteAlbums": "आवडते अल्बम",
    "Channels": "वाहिन्या",
    "ValueSpecialEpisodeName": "विशेष - {0}",
    "HeaderFavoriteShows": "आवडते कार्यक्रम",
    "Favorites": "आवडीचे",
    "HeaderNextUp": "यानंतर",
    "Songs": "गाणी",
    "HeaderLiveTV": "लाइव्ह टीव्ही",
    "Genres": "जाँनरे",
    "Photos": "चित्र",
    "TaskDownloadMissingSubtitles": "नसलेले सबटायटल डाउनलोड करा",
    "TaskCleanTranscodeDescription": "एक दिवसापेक्षा जुन्या ट्रान्सकोड फायली काढून टाका.",
    "TaskCleanTranscode": "ट्रान्सकोड डिरेक्टरी साफ करून टाका",
    "TaskUpdatePlugins": "प्लगइन अपडेट करा",
    "TaskCleanLogs": "लॉग डिरेक्टरी साफ करून टाका",
    "TaskCleanCache": "कॅश डिरेक्टरी साफ करून टाका",
    "TasksChannelsCategory": "इंटरनेट वाहिन्या",
    "TasksApplicationCategory": "अ‍ॅप्लिकेशन",
    "TasksLibraryCategory": "संग्रहालय",
    "VersionNumber": "आवृत्ती {0}",
    "UserPasswordChangedWithName": "{0} या प्रयोक्त्याचे पासवर्ड बदलण्यात आले आहे",
    "UserOnlineFromDevice": "{0} हे {1} येथून ऑनलाइन आहेत",
    "UserDeletedWithName": "प्रयोक्ता {0} काढून टाकण्यात आले आहे",
    "UserCreatedWithName": "प्रयोक्ता {0} बनवण्यात आले आहे",
    "User": "प्रयोक्ता",
    "TvShows": "टीव्ही कार्यक्रम",
    "StartupEmbyServerIsLoading": "जेलिफिन सर्व्हर लोड होत आहे. कृपया थोड्या वेळात पुन्हा प्रयत्न करा.",
    "Plugin": "प्लगइन",
    "NotificationOptionCameraImageUploaded": "कॅमेरा चित्र अपलोड केले आहे",
    "NotificationOptionApplicationUpdateInstalled": "अ‍ॅप्लिकेशन अपडेट इन्स्टॉल केले आहे",
    "NotificationOptionApplicationUpdateAvailable": "अ‍ॅप्लिकेशन अपडेट उपलब्ध आहे",
    "NewVersionIsAvailable": "जेलिफिन सर्व्हरची एक नवीन आवृत्ती डाउनलोड करण्यास उपलब्ध आहे.",
    "NameSeasonUnknown": "अज्ञात सीझन",
    "NameSeasonNumber": "सीझन {0}",
    "MusicVideos": "संगीत व्हिडीयो",
    "Music": "संगीत",
    "MessageApplicationUpdatedTo": "जेलिफिन सर्व्हर अपडेट होऊन {0} आवृत्तीवर पोहोचला आहे",
    "MessageApplicationUpdated": "जेलिफिन सर्व्हर अपडेट केला गेला आहे",
    "Latest": "नवीनतम",
    "LabelIpAddressValue": "आयपी पत्ता: {0}",
    "ItemRemovedWithName": "{0} हे संग्रहालयातून काढून टाकण्यात आले",
    "ItemAddedWithName": "{0} हे संग्रहालयात जोडले गेले",
    "HomeVideos": "घरचे व्हिडीयो",
    "HeaderRecordingGroups": "रेकॉर्डिंग गट",
    "CameraImageUploadedFrom": "एक नवीन कॅमेरा चित्र {0} येथून अपलोड केले आहे",
    "Application": "अ‍ॅप्लिकेशन",
    "AppDeviceValues": "अ‍ॅप: {0}, यंत्र: {1}",
    "Collections": "संग्रह",
    "ChapterNameValue": "धडा {0}",
    "TaskDownloadMissingSubtitlesDescription": "नसलेल्या उपशिर्षकांचा मेटाडॅटा कॉन्फिग्युरेशनप्रमाणे इन्टरनेटवर शोध घेतो.",
    "TaskRefreshChannelsDescription": "इन्टरनेट वाहिन्यांची माहिती ताजी करतो.",
    "TaskUpdatePluginsDescription": "आपोआप अपडेट करण्यासाठी कॉन्फिगर केलेल्या प्लगइनसाठी अपडेट डाउनलोड करून इन्स्टॉल करतो.",
    "TaskRefreshChannels": "वाहिन्या ताज्या करा",
    "TaskRefreshPeopleDescription": "आपल्या माध्यम संग्रहातील अभिनेत्यांचा व दिग्दर्शकांचा मेटाडॅटा ताजा करतो.",
    "TaskRefreshPeople": "लोकांची माहिती ताजी करा",
    "TaskRefreshLibraryDescription": "माध्यम संग्रह स्कॅन करून नवीन फायली शोधतो व मेटाडॅटा ताजे करतो.",
    "TaskRefreshLibrary": "माध्यम संग्रह स्कॅन करा",
    "TaskRefreshChapterImagesDescription": "अध्याय असलेल्या व्हिडियोंसाठी थंबनेल चित्र बनवतो.",
    "TaskRefreshChapterImages": "अध्याय चित्र काढून घ्या",
    "TasksMaintenanceCategory": "देखरेख",
    "ValueHasBeenAddedToLibrary": "{0} हे तुमच्या माध्यम संग्रहात जोडण्यात आले आहे",
    "UserStoppedPlayingItemWithValues": "{0} यांचं {2} वर {1} पूर्णपणे प्ले करून झालं आहे",
    "UserStartedPlayingItemWithValues": "{0} हे {2} वर {1} प्ले करत आहे",
    "UserDownloadingItemWithValues": "{0} हे {1} डाउनलोड करत आहे",
    "System": "प्रणाली",
    "Undefined": "अव्याख्यात",
    "Sync": "सिंक",
    "ServerNameNeedsToBeRestarted": "{0} याला बंद करून पुन्हा सुरू करायची गरज आहे",
    "SubtitleDownloadFailureFromForItem": "{0} येथून {1} यासाठी उपशिर्षक डाउनलोड करण्यात अपयश",
    "ScheduledTaskStartedWithName": "{0} सुरू झाले",
    "ScheduledTaskFailedWithName": "{0} अपयशी झाले",
    "ProviderValue": "पुरवणारा: {0}",
    "PluginUpdatedWithName": "{0} अपडेट केले",
    "PluginUninstalledWithName": "{0} अनिन्स्टॉल केले",
    "PluginInstalledWithName": "{0} इन्स्टॉल केले",
    "NotificationOptionVideoPlaybackStopped": "व्हिडियो प्लेबॅक बंद केले",
    "NotificationOptionVideoPlayback": "व्हिडियो प्लेबॅक सुरू केले",
    "NotificationOptionTaskFailed": "अनुसूचित कार्यात अपयश",
    "NotificationOptionServerRestartRequired": "सर्व्हर बंद करून पुन्हा सुरू करावा लागेल",
    "NotificationOptionPluginUpdateInstalled": "प्लगइन अपडेट इन्स्टॉल झाले",
    "NotificationOptionPluginUninstalled": "प्लगइन अनिन्स्टॉल झाले",
    "NotificationOptionPluginInstalled": "प्लगइन इन्स्टॉल झाले",
    "NotificationOptionPluginError": "प्लगइनमध्ये अपयश",
    "NotificationOptionNewLibraryContent": "नवीन सामग्री जोडली गेली",
    "NotificationOptionInstallationFailed": "इन्स्टॉल करण्यात अपयश",
    "NotificationOptionAudioPlayback": "ऑडियो प्लेबॅक सुरू झाले",
    "NotificationOptionAudioPlaybackStopped": "ऑडियो प्लेबॅक बंद झाले",
    "MixedContent": "मिश्रित सामग्री",
    "LabelRunningTimeValue": "चालू काल: {0}",
    "HeaderContinueWatching": "बघणे चालू ठेवा",
    "Default": "डीफॉल्ट",
    "TaskKeyframeExtractorDescription": "अधिक अचूक HLS प्लेलिस्ट तयार करण्यासाठी व्हिडिओ फाइल्समधून कीफ्रेम काढते. हे कार्य दीर्घकाळ चालू शकते.",
    "TaskKeyframeExtractor": "कीफ्रेम एक्स्ट्रॅक्टर",
    "TaskOptimizeDatabaseDescription": "डेटाबेस कॉम्पॅक्ट करतो आणि मोकळी जागा कमी करतो. लायब्ररी स्कॅन केल्यावर किंवा डेटाबेस बदल सुचवणारे इतर बदल केल्यावर हे कार्य चालवल्याने कार्यप्रदर्शन सुधारू शकते.",
    "TaskOptimizeDatabase": "डेटाबेस ऑप्टिमाइझ करा",
    "TaskCleanLogsDescription": "{0} दिवसांपेक्षा जुन्या लॉग फाइल्स हटवा.",
    "TaskCleanCacheDescription": "सिस्टमला यापुढे आवश्यक नसलेल्या कॅशे फाइल्स हटवा.",
    "TaskCleanActivityLogDescription": "कॉन्फिगर केलेल्या वयापेक्षा जुन्या क्रियाकलाप लॉग एंट्री हटवा.",
    "TaskCleanActivityLog": "क्रियाकलाप लॉग साफ करा",
    "UserPolicyUpdatedWithName": "{0} साठी वापरकर्ता धोरण अपडेट केले गेले आहे",
    "UserOfflineFromDevice": "{0} {1} वरून डिस्कनेक्ट झाला आहे",
    "UserLockedOutWithName": "वापरकर्ता {0} लॉक केले गेले आहे",
    "NotificationOptionUserLockedOut": "वापरकर्ता लॉक आउट",
    "NameInstallFailed": "{0} स्थापना अयशस्वी",
    "MessageServerConfigurationUpdated": "सर्व्हर कॉन्फिगरेशन अद्यतनित केले आहे",
    "MessageNamedServerConfigurationUpdatedWithValue": "सर्व्हर कॉन्फिगरेशन विभाग {0} अद्यतनित केला गेला आहे",
    "Inherit": "वारसा",
    "Forced": "सक्ती केली आहे",
    "FailedLoginAttemptWithUserName": "अयशस्वी लॉगिन {0} पासून प्रयत्न करा",
    "External": "बाहेरचा",
    "DeviceOnlineWithName": "{0} कनेक्ट झाले",
    "DeviceOfflineWithName": "{0} डिस्कनेक्ट झाला आहे",
    "AuthenticationSucceededWithUserName": "{0} यशस्वीरित्या प्रमाणीकृत",
    "HearingImpaired": "कर्णबधीर",
    "TaskRefreshTrickplayImages": "ट्रिकप्ले प्रतिमा तयार करा",
    "TaskRefreshTrickplayImagesDescription": "सक्षम लायब्ररीमधील व्हिडिओंसाठी ट्रिकप्ले पूर्वावलोकन तयार करते."
}
