{
    "Albums": "Albums",
    "AppDeviceValues": "App: {0}, Apparat: {1}",
    "Application": "Applikazzjoni",
    "Artists": "Artisti",
    "AuthenticationSucceededWithUserName": "{1} awtentikat b'suċċess",
    "Books": "Kotba",
    "CameraImageUploadedFrom": "Ttellgħet immaġni ġdida tal-kamera minn {1}",
    "Channels": "Kanali",
    "ChapterNameValue": "Kapitlu {0}",
    "Collections": "Kollezzjonijiet",
    "DeviceOfflineWithName": "{0} inqatgħa",
    "DeviceOnlineWithName": "{0} qabad",
    "External": "Estern",
    "FailedLoginAttemptWithUserName": "Tentattiv t'aċċess fallut minn {0}",
    "Favorites": "Favoriti",
    "Forced": "Sfurzat",
    "Genres": "Ġeneri",
    "HeaderAlbumArtists": "Artisti tal-album",
    "HeaderContinueWatching": "Kompli Segwi",
    "HeaderFavoriteAlbums": "Albums Favoriti",
    "HeaderFavoriteArtists": "Artisti Favoriti",
    "HeaderFavoriteEpisodes": "Episodji Favoriti",
    "HeaderFavoriteShows": "Programmi Favoriti",
    "HeaderFavoriteSongs": "Kanzunetti Favoriti",
    "HeaderNextUp": "Li Jmiss",
    "SubtitleDownloadFailureFromForItem": "Is-sottotitli naqsu milli jitniżżlu minn {0} għal {1}",
    "UserPasswordChangedWithName": "Il-password inbidel għall-utent {0}",
    "TaskUpdatePluginsDescription": "Iniżżel u jinstalla aġġornamenti għal plugins li huma kkonfigurati biex jaġġornaw awtomatikament.",
    "TaskDownloadMissingSubtitlesDescription": "Ifittex fuq l-internet għal sottotitli neqsin abbażi tal-konfigurazzjoni tal-metadata.",
    "TaskOptimizeDatabaseDescription": "Jikkompatti d-database u jaqta' l-ispazju ħieles. It-tħaddim ta' dan il-kompitu wara li tiskennja l-librerija jew tagħmel bidliet oħra li jimplikaw modifiki fid-database jistgħu jtejbu l-prestazzjoni.",
    "Default": "Standard",
    "Folders": "Folders",
    "HeaderLiveTV": "TV Dirett",
    "HeaderRecordingGroups": "Gruppi ta' Reġistrazzjoni",
    "HearingImpaired": "Nuqqas ta' Smigħ",
    "HomeVideos": "Vidjows Personali",
    "Inherit": "Jiret",
    "ItemAddedWithName": "{0} ġie miżjud mal-librerija",
    "ItemRemovedWithName": "{0} tneħħa mil-librerija",
    "LabelIpAddressValue": "Indirizz IP: {0}",
    "Latest": "Tal-Aħħar",
    "MessageApplicationUpdated": "Jellyfin Server ġie aġġornat",
    "MessageApplicationUpdatedTo": "JellyFin Server ġie aġġornat għal {0}",
    "MessageNamedServerConfigurationUpdatedWithValue": "Is-sezzjoni {0} tal-konfigurazzjoni tas-server ġiet aġġornata",
    "MessageServerConfigurationUpdated": "Il-konfigurazzjoni tas-server ġiet aġġornata",
    "MixedContent": "Kontenut imħallat",
    "Movies": "Films",
    "Music": "Mużika",
    "MusicVideos": "Vidjows tal-Mużika",
    "NameInstallFailed": "L-installazzjoni ta' {0} falliet",
    "NameSeasonNumber": "Staġun {0}",
    "NameSeasonUnknown": "Staġun Mhux Magħruf",
    "NewVersionIsAvailable": "Verżjoni ġdida ta' Jellyfin Server hija disponibbli biex titniżżel.",
    "NotificationOptionApplicationUpdateAvailable": "Aġġornament tal-applikazzjoni disponibbli",
    "NotificationOptionCameraImageUploaded": "Immaġini tal-kamera mtella'",
    "LabelRunningTimeValue": "Tul: {0}",
    "NotificationOptionApplicationUpdateInstalled": "Aġġornament tal-applikazzjoni ġie installat",
    "NotificationOptionAudioPlayback": "Il-playback tal-awdjo beda",
    "NotificationOptionAudioPlaybackStopped": "Il-playback tal-awdjo twaqqaf",
    "NotificationOptionInstallationFailed": "Installazzjoni falliet",
    "NotificationOptionNewLibraryContent": "Kontenut ġdid miżjud",
    "NotificationOptionPluginError": "Ħsara fil-plugin",
    "NotificationOptionPluginInstalled": "Plugin installat",
    "NotificationOptionPluginUninstalled": "Plugin tneħħa",
    "NotificationOptionServerRestartRequired": "Meħtieġ l-istartjar mill-ġdid tas-server",
    "NotificationOptionTaskFailed": "Falliment tal-kompitu skedat",
    "NotificationOptionUserLockedOut": "Utent imsakkar",
    "Photos": "Ritratti",
    "Playlists": "Playlists",
    "Plugin": "Plugin",
    "PluginInstalledWithName": "{0} ġie installat",
    "PluginUninstalledWithName": "{0} ġie mneħħi",
    "PluginUpdatedWithName": "{0} ġie aġġornat",
    "ProviderValue": "Fornitur: {0}",
    "ScheduledTaskFailedWithName": "{0} falla",
    "ScheduledTaskStartedWithName": "{0} beda",
    "ServerNameNeedsToBeRestarted": "{0} jeħtieġ li jerġa' jinbeda",
    "Songs": "Kanzunetti",
    "StartupEmbyServerIsLoading": "Jellyfin Server qed jixgħel. Jekk jogħġbok erġa' pprova dalwaqt.",
    "Sync": "Sinkronizza",
    "System": "Sistema",
    "Undefined": "Mhux Definit",
    "User": "Utent",
    "UserCreatedWithName": "L-utent {0} inħoloq",
    "UserDeletedWithName": "L-utent {0} tħassar",
    "UserDownloadingItemWithValues": "{0} qed iniżżel {1}",
    "UserLockedOutWithName": "L-utent {0} ġie msakkar",
    "UserOfflineFromDevice": "{0} skonnettja minn {1}",
    "UserOnlineFromDevice": "{0} huwa online minn {1}",
    "NotificationOptionPluginUpdateInstalled": "Aġġornament ta' plugin ġie installat",
    "NotificationOptionVideoPlayback": "Il-playback tal-vidjow beda",
    "NotificationOptionVideoPlaybackStopped": "Il-playback tal-vidjow waqaf",
    "Shows": "Programmi",
    "TvShows": "Programmi tat-TV",
    "UserPolicyUpdatedWithName": "Il-policy tal-utent ġiet aġġornata għal {0}",
    "UserStartedPlayingItemWithValues": "{0} qed iħaddem {1} fuq {2}",
    "UserStoppedPlayingItemWithValues": "{0} waqaf iħaddem {1} fuq {2}",
    "ValueHasBeenAddedToLibrary": "{0} ġie miżjud mal-librerija tal-midja tiegħek",
    "ValueSpecialEpisodeName": "Speċjali - {0}",
    "VersionNumber": "Verżjoni {0}",
    "TasksMaintenanceCategory": "Manutenzjoni",
    "TasksLibraryCategory": "Librerija",
    "TasksApplicationCategory": "Applikazzjoni",
    "TasksChannelsCategory": "Kanali tal-Internet",
    "TaskCleanActivityLog": "Naddaf il-Logg tal-Attività",
    "TaskCleanActivityLogDescription": "Iħassar l-entrati tar-reġistru tal-attività eqdem mill-età kkonfigurata.",
    "TaskCleanCache": "Naddaf id-Direttorju tal-Cache",
    "TaskCleanCacheDescription": "Iħassar il-fajls tal-cache li m'għadhomx meħtieġa mis-sistema.",
    "TaskRefreshChapterImages": "Oħroġ l-Immaġini tal-Kapitolu",
    "TaskRefreshChapterImagesDescription": "Joħloq thumbnails għal vidjows li għandhom kapitli.",
    "TaskAudioNormalization": "Normalizzazzjoni Awdjo",
    "TaskAudioNormalizationDescription": "Skennja fajls għal data ta' normalizzazzjoni awdjo.",
    "TaskRefreshLibrary": "Skennja l-Librerija tal-Midja",
    "TaskRefreshLibraryDescription": "Jiskennja l-librerija tal-midja tiegħek għal fajls ġodda u jġedded il-metadejta.",
    "TaskCleanLogs": "Naddaf id-Direttorju tal-Logg",
    "TaskCleanLogsDescription": "Iħassar fajls tal-logg eqdem minn {0} ijiem.",
    "TaskRefreshPeople": "Aġġorna Persuni",
    "TaskRefreshPeopleDescription": "Jaġġorna l-metadejta għall-atturi u d-diretturi fil-librerija tal-midja tiegħek.",
    "TaskRefreshTrickplayImages": "Iġġenera Stampi Trickplay",
    "TaskRefreshTrickplayImagesDescription": "Joħloq previews trickplay għal vidjows fil-libreriji attivati.",
    "TaskUpdatePlugins": "Aġġorna il-Plugins",
    "TaskCleanTranscode": "Naddaf id-Direttorju tat-Transcode",
    "TaskCleanTranscodeDescription": "Iħassar fajls transcode eqdem minn ġurnata.",
    "TaskRefreshChannels": "Aġġorna l-Kanali",
    "TaskRefreshChannelsDescription": "Aġġorna l-informazzjoni tal-kanali tal-internet.",
    "TaskDownloadMissingSubtitles": "Niżżel is-sottotitli nieqsa",
    "TaskOptimizeDatabase": "Ottimizza d-database",
    "TaskKeyframeExtractor": "Estrattur ta' Keyframes",
    "TaskKeyframeExtractorDescription": "Jiġbed il-keyframes mill-fajls tal-vidjow biex joħloq playlists HLS aktar preċiżi. Dan il-kompitu jista' jdum għal żmien twil.",
    "TaskCleanCollectionsAndPlaylists": "Naddaf il-kollezzjonijiet u l-playlists",
    "TaskCleanCollectionsAndPlaylistsDescription": "Ineħħi oġġetti minn kollezzjonijiet u playlists li m'għadhomx jeżistu."
}
