{
    "Albums": "Альбомы",
    "AppDeviceValues": "Приложение: {0}, Устройство: {1}",
    "Application": "Приложение",
    "Artists": "Исполнители",
    "AuthenticationSucceededWithUserName": "{0} - авторизация успешна",
    "Books": "Книги",
    "CameraImageUploadedFrom": "Новое фото загружено с камеры {0}",
    "Channels": "Каналы",
    "ChapterNameValue": "Сцена {0}",
    "Collections": "Коллекции",
    "DeviceOfflineWithName": "{0} - отключено",
    "DeviceOnlineWithName": "{0} - подключено",
    "FailedLoginAttemptWithUserName": "Неудачная попытка входа с {0}",
    "Favorites": "Избранное",
    "Folders": "Папки",
    "Genres": "Жанры",
    "HeaderAlbumArtists": "Исполнители альбома",
    "HeaderContinueWatching": "Продолжить просмотр",
    "HeaderFavoriteAlbums": "Избранные альбомы",
    "HeaderFavoriteArtists": "Избранные исполнители",
    "HeaderFavoriteEpisodes": "Избранные эпизоды",
    "HeaderFavoriteShows": "Избранные сериалы",
    "HeaderFavoriteSongs": "Избранные композиции",
    "HeaderLiveTV": "Эфир",
    "HeaderNextUp": "Следующий",
    "HeaderRecordingGroups": "Группы записей",
    "HomeVideos": "Домашние видео",
    "Inherit": "Наследуемое",
    "ItemAddedWithName": "{0} - добавлено в медиатеку",
    "ItemRemovedWithName": "{0} - изъято из медиатеки",
    "LabelIpAddressValue": "IP-адрес: {0}",
    "LabelRunningTimeValue": "Длительность: {0}",
    "Latest": "Последние",
    "MessageApplicationUpdated": "Jellyfin Server был обновлён",
    "MessageApplicationUpdatedTo": "Jellyfin Server был обновлён до {0}",
    "MessageNamedServerConfigurationUpdatedWithValue": "Конфигурация сервера (раздел {0}) была обновлена",
    "MessageServerConfigurationUpdated": "Конфигурация сервера была обновлена",
    "MixedContent": "Смешанное содержание",
    "Movies": "Фильмы",
    "Music": "Музыка",
    "MusicVideos": "Муз. видео",
    "NameInstallFailed": "Установка {0} неудачна",
    "NameSeasonNumber": "Сезон {0}",
    "NameSeasonUnknown": "Сезон не опознан",
    "NewVersionIsAvailable": "Новая версия Jellyfin Server доступна для загрузки.",
    "NotificationOptionApplicationUpdateAvailable": "Имеется обновление приложения",
    "NotificationOptionApplicationUpdateInstalled": "Обновление приложения установлено",
    "NotificationOptionAudioPlayback": "Воспроизведение аудио запущено",
    "NotificationOptionAudioPlaybackStopped": "Воспроизведение аудио остановлено",
    "NotificationOptionCameraImageUploaded": "Изображения с камеры загружены",
    "NotificationOptionInstallationFailed": "Сбой установки",
    "NotificationOptionNewLibraryContent": "Новое содержимое добавлено",
    "NotificationOptionPluginError": "Сбой плагина",
    "NotificationOptionPluginInstalled": "Плагин установлен",
    "NotificationOptionPluginUninstalled": "Плагин удалён",
    "NotificationOptionPluginUpdateInstalled": "Обновление плагина установлено",
    "NotificationOptionServerRestartRequired": "Требуется перезапуск сервера",
    "NotificationOptionTaskFailed": "Сбой назначенной задачи",
    "NotificationOptionUserLockedOut": "Пользователь заблокирован",
    "NotificationOptionVideoPlayback": "Воспроизведение видео запущено",
    "NotificationOptionVideoPlaybackStopped": "Воспроизведение видео остановлено",
    "Photos": "Фото",
    "Playlists": "Плей-листы",
    "Plugin": "Плагин",
    "PluginInstalledWithName": "{0} - было установлено",
    "PluginUninstalledWithName": "{0} - было удалено",
    "PluginUpdatedWithName": "{0} - было обновлено",
    "ProviderValue": "Поставщик: {0}",
    "ScheduledTaskFailedWithName": "{0} - неудачна",
    "ScheduledTaskStartedWithName": "{0} - запущена",
    "ServerNameNeedsToBeRestarted": "Необходим перезапуск {0}",
    "Shows": "Телешоу",
    "Songs": "Композиции",
    "StartupEmbyServerIsLoading": "Jellyfin Server загружается. Повторите попытку в ближайшее время.",
    "SubtitleDownloadFailureForItem": "Субтитры к {0} не удалось загрузить",
    "SubtitleDownloadFailureFromForItem": "Субтитры к {1} не удалось загрузить с {0}",
    "Sync": "Синхронизация",
    "System": "Система",
    "TvShows": "Телесериалы",
    "User": "Пользователь",
    "UserCreatedWithName": "Пользователь {0} был создан",
    "UserDeletedWithName": "Пользователь {0} был удалён",
    "UserDownloadingItemWithValues": "{0} загружает {1}",
    "UserLockedOutWithName": "Пользователь {0} был заблокирован",
    "UserOfflineFromDevice": "{0} отключился с {1}",
    "UserOnlineFromDevice": "{0} подключился с {1}",
    "UserPasswordChangedWithName": "Пароль пользователя {0} был изменён",
    "UserPolicyUpdatedWithName": "Политики пользователя {0} были обновлены",
    "UserStartedPlayingItemWithValues": "{0} - воспроизведение «{1}» на {2}",
    "UserStoppedPlayingItemWithValues": "{0} - воспроизведение остановлено «{1}» на {2}",
    "ValueHasBeenAddedToLibrary": "{0} добавлено в медиатеку",
    "ValueSpecialEpisodeName": "Спецэпизод - {0}",
    "VersionNumber": "Версия {0}",
    "TaskDownloadMissingSubtitles": "Загрузка отсутствующих субтитров",
    "TaskRefreshChannels": "Обновление каналов",
    "TaskCleanTranscode": "Очистка каталога перекодировки",
    "TaskUpdatePlugins": "Обновление плагинов",
    "TaskRefreshPeople": "Обновление информации о персонах",
    "TaskCleanLogs": "Очистка каталога журналов",
    "TaskRefreshLibrary": "Сканирование медиатеки",
    "TaskRefreshChapterImages": "Извлечение изображений сцен",
    "TaskCleanCache": "Очистка каталога кеша",
    "TasksChannelsCategory": "Интернет-каналы",
    "TasksApplicationCategory": "Приложение",
    "TasksLibraryCategory": "Медиатека",
    "TasksMaintenanceCategory": "Обслуживание",
    "TaskDownloadMissingSubtitlesDescription": "Выполняется поиск в Интернете отсутствующих субтитров на основе конфигурации метаданных.",
    "TaskRefreshChannelsDescription": "Обновляются данные интернет-каналов.",
    "TaskCleanTranscodeDescription": "Удаляются файлы перекодировки старше одного дня.",
    "TaskUpdatePluginsDescription": "Загружаются и устанавливаются обновления для плагинов, у которых включено автоматическое обновление.",
    "TaskRefreshPeopleDescription": "Обновляются метаданные для актёров и режиссёров в медиатеке.",
    "TaskCleanLogsDescription": "Удаляются файлы журнала, возраст которых превышает {0} дн(я/ей).",
    "TaskRefreshLibraryDescription": "Сканируется медиатека на новые файлы и обновляются метаданные.",
    "TaskRefreshChapterImagesDescription": "Создаются эскизы для видео, которые содержат сцены.",
    "TaskCleanCacheDescription": "Удаляются файлы кэша, которые больше не нужны системе.",
    "TaskCleanActivityLogDescription": "Удаляет записи журнала активности старше установленного возраста.",
    "TaskCleanActivityLog": "Очистка журнала активности",
    "Undefined": "Не определено",
    "Forced": "Принудительно",
    "Default": "По умолчанию",
    "TaskOptimizeDatabaseDescription": "Сжимает базу данных и вырезает свободные места. Выполнение этой задачи после сканирования библиотеки или внесения других изменений, предполагающих модификации базы данных, может повысить производительность.",
    "TaskOptimizeDatabase": "Оптимизация базы данных",
    "TaskKeyframeExtractorDescription": "Извлекаются ключевые кадры из видеофайлов для создания более точных списков плей-листов HLS. Эта задача может выполняться в течение длительного времени.",
    "TaskKeyframeExtractor": "Извлечение ключевых кадров",
    "External": "Внешние",
    "HearingImpaired": "Для слабослышащих",
    "TaskRefreshTrickplayImages": "Сгенерировать изображения для Trickplay",
    "TaskRefreshTrickplayImagesDescription": "Создает предпросмотры для Trickplay для видео в библиотеках, где эта функция включена.",
    "TaskCleanCollectionsAndPlaylists": "Очистка коллекций и списков воспроизведения",
    "TaskCleanCollectionsAndPlaylistsDescription": "Удаляет элементы из коллекций и списков воспроизведения, которые больше не существуют.",
    "TaskAudioNormalization": "Нормализация звука",
    "TaskAudioNormalizationDescription": "Сканирует файлы на наличие данных о нормализации звука.",
    "TaskDownloadMissingLyrics": "Загрузить недостающий текст",
    "TaskDownloadMissingLyricsDescription": "Загружает текст песен",
    "TaskMoveTrickplayImages": "Перенесение местоположения изображений Trickplay",
    "TaskExtractMediaSegments": "Сканирование медиасегментов",
    "TaskExtractMediaSegmentsDescription": "Извлекает или получает медиасегменты из плагинов MediaSegment.",
    "TaskMoveTrickplayImagesDescription": "Перемещает существующие файлы trickplay в соответствии с настройками медиатеки."
}
