{
    "HeaderAlbumArtists": "Vaimbi vemadambarefu",
    "HeaderContinueWatching": "Simudzira kuona",
    "HeaderFavoriteSongs": "Nziyo dzaunofarira",
    "Albums": "Dambarefu",
    "AppDeviceValues": "Apu: {0}, Dhivhaisi: {1}",
    "Application": "Purogiramu",
    "Artists": "Vaimbi",
    "AuthenticationSucceededWithUserName": "apinda",
    "Books": "Mabhuku",
    "CameraImageUploadedFrom": "Mufananidzo mutsva vabva pakamera {0}",
    "Channels": "Machanewo",
    "ChapterNameValue": "Chikamu {0}",
    "Collections": "Akafanana",
    "Default": "Zvakasarudzwa Kare",
    "DeviceOfflineWithName": "{0} haasisipo",
    "DeviceOnlineWithName": "{0} aripo",
    "External": "Zvekunze",
    "FailedLoginAttemptWithUserName": "Vatadza kuloga chimboedza kushandisa {0}",
    "Favorites": "Zvaunofarira",
    "Folders": "Mafoodha",
    "Forced": "Zvekumanikidzira",
    "Genres": "Mhando",
    "HeaderFavoriteAlbums": "Madambarefu aunofarira",
    "HeaderFavoriteArtists": "Vaimbi vaunofarira",
    "HeaderFavoriteEpisodes": "Maepisodhi aunofarira",
    "HeaderFavoriteShows": "Masirisi aunofarira"
}
