{
    "UserPolicyUpdatedWithName": "Корисничке смернице ажуриране за {0}",
    "NotificationOptionUserLockedOut": "Корисник закључан",
    "VersionNumber": "Верзија {0}",
    "ValueSpecialEpisodeName": "Специјал - {0}",
    "ValueHasBeenAddedToLibrary": "{0} је додато у вашу медијску библиотеку",
    "UserStoppedPlayingItemWithValues": "{0} завршио пуштање {1} на {2}",
    "UserStartedPlayingItemWithValues": "{0} пушта {1} на {2}",
    "UserPasswordChangedWithName": "Лозинка је промењена за корисника {0}",
    "UserOnlineFromDevice": "{0} је на вези од {1}",
    "UserOfflineFromDevice": "{0} је прекинуо/а везу са {1}",
    "UserLockedOutWithName": "Корисник {0} је закључан",
    "UserDownloadingItemWithValues": "{0} преузима {1}",
    "UserDeletedWithName": "Корисник {0} је обрисан",
    "UserCreatedWithName": "Корисник {0} је направљен",
    "User": "Корисник",
    "TvShows": "ТВ серије",
    "System": "Систем",
    "Sync": "Усклади",
    "SubtitleDownloadFailureFromForItem": "Неуспело преузимање титлова за {1} са {0}",
    "StartupEmbyServerIsLoading": "Џелифин сервер се подиже. Покушајте поново убрзо.",
    "Songs": "Песме",
    "Shows": "Серије",
    "ServerNameNeedsToBeRestarted": "{0} треба поново покренути",
    "ScheduledTaskStartedWithName": "{0} покренуто",
    "ScheduledTaskFailedWithName": "{0} неуспело",
    "ProviderValue": "Пружалац: {0}",
    "PluginUpdatedWithName": "{0} ажуриран",
    "PluginUninstalledWithName": "{0} деинсталиран",
    "PluginInstalledWithName": "{0} инсталиран",
    "Plugin": "Прикључак",
    "Playlists": "Листе",
    "Photos": "Фотографије",
    "NotificationOptionVideoPlaybackStopped": "Заустављено пуштање видеа",
    "NotificationOptionVideoPlayback": "Покренуто пуштање видеа",
    "NotificationOptionTaskFailed": "Неуспешан заказани посао",
    "NotificationOptionServerRestartRequired": "Потребан је рестарт сервера",
    "NotificationOptionPluginUpdateInstalled": "Ажурирање прикључка инсталирано",
    "NotificationOptionPluginUninstalled": "Прикључак уклоњен",
    "NotificationOptionPluginInstalled": "Прикључак инсталиран",
    "NotificationOptionPluginError": "Грешка прикључка",
    "NotificationOptionNewLibraryContent": "Додат нови садржај",
    "NotificationOptionInstallationFailed": "Неуспела инсталација",
    "NotificationOptionCameraImageUploaded": "Слика са камере отпремљена",
    "NotificationOptionAudioPlaybackStopped": "Заустављено пуштање звука",
    "NotificationOptionAudioPlayback": "Покренуто пуштање звука",
    "NotificationOptionApplicationUpdateInstalled": "Ажурирање инсталирано",
    "NotificationOptionApplicationUpdateAvailable": "Доступно је ажурирање за апликацију",
    "NewVersionIsAvailable": "Нова верзија Џелифин сервера је доступна за преузимање.",
    "NameSeasonUnknown": "Непозната сезона",
    "NameSeasonNumber": "Сезона {0}",
    "NameInstallFailed": "Инсталација {0} није успела",
    "MusicVideos": "Музички видео",
    "Music": "Музика",
    "Movies": "Филмови",
    "MixedContent": "Мешовит садржај",
    "MessageServerConfigurationUpdated": "Серверска поставка је ажурирана",
    "MessageNamedServerConfigurationUpdatedWithValue": "Одељак серверске поставке {0} је ажуриран",
    "MessageApplicationUpdatedTo": "Џелифин сервер је ажуриран на {0}",
    "MessageApplicationUpdated": "Џелифин сервер је ажуриран",
    "Latest": "Последње",
    "LabelRunningTimeValue": "Време рада: {0}",
    "LabelIpAddressValue": "ИП адреса: {0}",
    "ItemRemovedWithName": "{0} уклоњено из библиотеке",
    "ItemAddedWithName": "{0} додато у библиотеку",
    "Inherit": "Наследи",
    "HomeVideos": "Кућни Видео",
    "HeaderRecordingGroups": "Групе снимања",
    "HeaderNextUp": "Следи",
    "HeaderLiveTV": "ТВ уживо",
    "HeaderFavoriteSongs": "Омиљене песме",
    "HeaderFavoriteShows": "Омиљене серије",
    "HeaderFavoriteEpisodes": "Омиљене епизоде",
    "HeaderFavoriteArtists": "Омиљени извођачи",
    "HeaderFavoriteAlbums": "Омиљени албуми",
    "HeaderContinueWatching": "Настави гледање",
    "HeaderAlbumArtists": "Извођачи албума",
    "Genres": "Жанрови",
    "Folders": "Фасцикле",
    "Favorites": "Омиљено",
    "FailedLoginAttemptWithUserName": "Неуспела пријава са {0}",
    "DeviceOnlineWithName": "{0} је повезан",
    "DeviceOfflineWithName": "{0} је прекинуо везу",
    "Collections": "Колекције",
    "ChapterNameValue": "Поглавље {0}",
    "Channels": "Канали",
    "CameraImageUploadedFrom": "Нова фотографија је учитана са {0}",
    "Books": "Књиге",
    "AuthenticationSucceededWithUserName": "{0} Успешна аутентификација",
    "Artists": "Извођачи",
    "Application": "Апликација",
    "AppDeviceValues": "Апликација: {0}, Уређај: {1}",
    "Albums": "Албуми",
    "TaskDownloadMissingSubtitlesDescription": "Претражује интернет за недостајуће титлове на основу конфигурације метаподатака.",
    "TaskDownloadMissingSubtitles": "Преузмите недостајуће титлове",
    "TaskRefreshChannelsDescription": "Освежава информације о интернет каналу.",
    "TaskRefreshChannels": "Освежи канале",
    "TaskCleanTranscodeDescription": "Брише датотеке за кодирање старије од једног дана.",
    "TaskCleanTranscode": "Очистите директоријум преноса",
    "TaskUpdatePluginsDescription": "Преузима и инсталира исправке за додатке који су конфигурисани за аутоматско ажурирање.",
    "TaskUpdatePlugins": "Ажурирајте додатке",
    "TaskRefreshPeopleDescription": "Ажурира метаподатке за глумце и редитеље у вашој медијској библиотеци.",
    "TaskRefreshPeople": "Освежите кориснике",
    "TaskCleanLogsDescription": "Брише логове старије од {0} дана.",
    "TaskCleanLogs": "Очистите директоријум логова",
    "TaskRefreshLibraryDescription": "Скенира вашу медијску библиотеку за нове датотеке и освежава метаподатке.",
    "TaskRefreshLibrary": "Скенирај библиотеку медија",
    "TaskRefreshChapterImagesDescription": "Ствара сличице за видео записе који имају поглавља.",
    "TaskRefreshChapterImages": "Издвоји слике из поглавља",
    "TaskCleanCacheDescription": "Брише Кеш фајлове који више нису потребни систему.",
    "TaskCleanCache": "Очистите Кеш Директоријум",
    "TasksChannelsCategory": "Интернет канали",
    "TasksApplicationCategory": "Апликација",
    "TasksLibraryCategory": "Библиотека",
    "TasksMaintenanceCategory": "Одржавање",
    "TaskCleanActivityLogDescription": "Брише историју активности старију од конфигурисаног броја година.",
    "TaskCleanActivityLog": "Очисти историју активности",
    "Undefined": "Недефинисано",
    "Forced": "Принудно",
    "Default": "Подразумевано",
    "TaskOptimizeDatabase": "Оптимизуј банку података",
    "TaskOptimizeDatabaseDescription": "Сажима базу података и скраћује слободан простор. Покретање овог задатка након скенирања библиотеке или других промена које подразумевају измене базе података које могу побољшати перформансе.",
    "External": "Спољно",
    "TaskKeyframeExtractorDescription": "Екстрактује кљулне сличице из видео датотека да би креирао више преицзну HLS плеј-листу. Овај задатак може да потраје дуже време.",
    "TaskKeyframeExtractor": "Екстрактор кључних сличица",
    "HearingImpaired": "ослабљен слух"
}
