{
    "Collections": "Bộ Sưu Tập",
    "Favorites": "Yêu Thích",
    "Folders": "Thư Mục",
    "Genres": "Thể Loại",
    "HeaderAlbumArtists": "Album nghệ sĩ",
    "HeaderContinueWatching": "Xem Tiếp",
    "HeaderLiveTV": "TV Trực Tiếp",
    "Movies": "Phim",
    "Photos": "Ảnh",
    "Playlists": "Danh sách phát",
    "Shows": "Chương Trình TV",
    "Songs": "Bài Hát",
    "Sync": "Đồng Bộ",
    "ValueSpecialEpisodeName": "Đặc Biệt - {0}",
    "Albums": "Album",
    "Artists": "Ca Sĩ",
    "TaskDownloadMissingSubtitlesDescription": "Tìm kiếm phụ đề bị thiếu trên Internet dựa trên cấu hình dữ liệu mô tả.",
    "TaskDownloadMissingSubtitles": "Tải Xuống Phụ Đề Bị Thiếu",
    "TaskRefreshChannelsDescription": "Làm mới thông tin kênh internet.",
    "TaskRefreshChannels": "Làm Mới Kênh",
    "TaskCleanTranscodeDescription": "Xóa các tệp chuyển mã cũ hơn một ngày.",
    "TaskCleanTranscode": "Làm Sạch Thư Mục Chuyển Mã",
    "TaskUpdatePluginsDescription": "Tải xuống và cài đặt các bản cập nhật cho các plugin được định cấu hình để cập nhật tự động.",
    "TaskUpdatePlugins": "Cập Nhật Plugins",
    "TaskRefreshPeopleDescription": "Cập nhật thông tin chi tiết cho diễn viên và đạo diễn trong thư viện phương tiện của bạn.",
    "TaskRefreshPeople": "Làm Mới Người Dùng",
    "TaskCleanLogsDescription": "Xóa tập tin nhật ký cũ hơn {0} ngày.",
    "TaskCleanLogs": "Làm Sạch Thư Mục Nhật Ký",
    "TaskRefreshLibraryDescription": "Quét thư viện phương tiện của bạn để tìm tệp mới và làm mới dữ liệu mô tả.",
    "TaskRefreshLibrary": "Quét Thư Viện Phương Tiện",
    "TaskRefreshChapterImagesDescription": "Tạo hình thu nhỏ cho video có các phân cảnh.",
    "TaskRefreshChapterImages": "Trích Xuất Ảnh Phân Cảnh",
    "TaskCleanCacheDescription": "Xóa các tệp cache không còn cần thiết của hệ thống.",
    "TaskCleanCache": "Làm Sạch Thư Mục Bộ Nhớ Đệm",
    "TasksChannelsCategory": "Kênh Internet",
    "TasksApplicationCategory": "Ứng Dụng",
    "TasksLibraryCategory": "Thư Viện",
    "TasksMaintenanceCategory": "Bảo Trì",
    "VersionNumber": "Phiên Bản {0}",
    "ValueHasBeenAddedToLibrary": "{0} đã được thêm vào thư viện của bạn",
    "UserStoppedPlayingItemWithValues": "{0} đã phát xong {1} trên {2}",
    "UserStartedPlayingItemWithValues": "{0} đang phát {1} trên {2}",
    "UserPolicyUpdatedWithName": "Chính sách người dùng đã được cập nhật cho {0}",
    "UserPasswordChangedWithName": "Mật khẩu đã được thay đổi cho người dùng {0}",
    "UserOnlineFromDevice": "{0} trực tuyến từ {1}",
    "UserOfflineFromDevice": "{0} đã ngắt kết nối từ {1}",
    "UserLockedOutWithName": "User {0} đã bị khóa",
    "UserDownloadingItemWithValues": "{0} đang tải xuống {1}",
    "UserDeletedWithName": "Người Dùng {0} đã được xóa",
    "UserCreatedWithName": "Người Dùng {0} đã được tạo",
    "User": "Người Dùng",
    "TvShows": "Chương Trình TV",
    "System": "Hệ Thống",
    "SubtitleDownloadFailureFromForItem": "Không thể tải xuống phụ đề từ {0} cho {1}",
    "StartupEmbyServerIsLoading": "Jellyfin Server đang tải. Vui lòng thử lại trong thời gian ngắn.",
    "ServerNameNeedsToBeRestarted": "{0} cần được khởi động lại",
    "ScheduledTaskStartedWithName": "{0} đã bắt đầu",
    "ScheduledTaskFailedWithName": "{0} đã thất bại",
    "ProviderValue": "Provider: {0}",
    "PluginUpdatedWithName": "{0} đã cập nhật",
    "PluginUninstalledWithName": "{0} đã được gỡ bỏ",
    "PluginInstalledWithName": "{0} đã được cài đặt",
    "Plugin": "Plugin",
    "NotificationOptionVideoPlaybackStopped": "Đã dừng phát lại video",
    "NotificationOptionVideoPlayback": "Đã bắt đầu phát lại video",
    "NotificationOptionUserLockedOut": "Người dùng bị khóa",
    "NotificationOptionTaskFailed": "Lỗi tác vụ đã lên lịch",
    "NotificationOptionServerRestartRequired": "Yêu cầu khởi động lại máy chủ",
    "NotificationOptionPluginUpdateInstalled": "Cập nhật Plugin đã được cài đặt",
    "NotificationOptionPluginUninstalled": "Đã gỡ bỏ Plugin",
    "NotificationOptionPluginInstalled": "Đã cài đặt Plugin",
    "NotificationOptionPluginError": "Thất bại Plugin",
    "NotificationOptionNewLibraryContent": "Nội dung mới được thêm vào",
    "NotificationOptionInstallationFailed": "Cài đặt thất bại",
    "NotificationOptionCameraImageUploaded": "Đã tải lên hình ảnh máy ảnh",
    "NotificationOptionAudioPlaybackStopped": "Phát lại âm thanh đã dừng",
    "NotificationOptionAudioPlayback": "Đã bắt đầu phát lại âm thanh",
    "NotificationOptionApplicationUpdateInstalled": "Bản cập nhật ứng dụng đã được cài đặt",
    "NotificationOptionApplicationUpdateAvailable": "Bản cập nhật ứng dụng hiện sẵn có",
    "NewVersionIsAvailable": "Một phiên bản mới của Jellyfin Server sẵn có để tải.",
    "NameSeasonUnknown": "Không Rõ Mùa",
    "NameSeasonNumber": "Phần {0}",
    "NameInstallFailed": "{0} cài đặt thất bại",
    "MusicVideos": "Videos Nhạc",
    "Music": "Nhạc",
    "MixedContent": "Nội dung hỗn hợp",
    "MessageServerConfigurationUpdated": "Cấu hình máy chủ đã được cập nhật",
    "MessageNamedServerConfigurationUpdatedWithValue": "Phần cấu hình máy chủ {0} đã được cập nhật",
    "MessageApplicationUpdatedTo": "Jellyfin Server đã được cập nhật lên {0}",
    "MessageApplicationUpdated": "Jellyfin Server đã được cập nhật",
    "Latest": "Gần Nhất",
    "LabelRunningTimeValue": "Thời Gian Chạy: {0}",
    "LabelIpAddressValue": "Địa chỉ IP: {0}",
    "ItemRemovedWithName": "{0} đã xóa khỏi thư viện",
    "ItemAddedWithName": "{0} được thêm vào thư viện",
    "Inherit": "Thừa hưởng",
    "HomeVideos": "Video Nhà",
    "HeaderRecordingGroups": "Nhóm Ghi Video",
    "HeaderNextUp": "Tiếp Theo",
    "HeaderFavoriteSongs": "Bài Hát Yêu Thích",
    "HeaderFavoriteShows": "Chương Trình Yêu Thích",
    "HeaderFavoriteEpisodes": "Tập Phim Yêu Thích",
    "HeaderFavoriteArtists": "Nghệ Sĩ Yêu Thích",
    "HeaderFavoriteAlbums": "Album Ưa Thích",
    "FailedLoginAttemptWithUserName": "Nỗ lực đăng nhập không thành công từ {0}",
    "DeviceOnlineWithName": "{0} đã kết nối",
    "DeviceOfflineWithName": "{0} đã ngắt kết nối",
    "ChapterNameValue": "Phân Cảnh {0}",
    "Channels": "Kênh",
    "CameraImageUploadedFrom": "Một hình ảnh máy ảnh mới đã được tải lên từ {0}",
    "Books": "Sách",
    "AuthenticationSucceededWithUserName": "{0} xác thực thành công",
    "Application": "Ứng Dụng",
    "AppDeviceValues": "Ứng Dụng: {0}, Thiết Bị: {1}",
    "TaskCleanActivityLogDescription": "Xóa các mục nhật ký hoạt động cũ hơn độ tuổi đã cài đặt.",
    "TaskCleanActivityLog": "Xóa Nhật Ký Hoạt Động",
    "Undefined": "Không Xác Định",
    "Forced": "Bắt Buộc",
    "Default": "Mặc Định",
    "TaskOptimizeDatabaseDescription": "Thu gọn cơ sở dữ liệu và cắt bớt dung lượng trống. Chạy tác vụ này sau khi quét thư viện hoặc thực hiện các thay đổi khác ngụ ý sửa đổi cơ sở dữ liệu có thể cải thiện hiệu suất.",
    "TaskOptimizeDatabase": "Tối ưu hóa cơ sở dữ liệu",
    "TaskKeyframeExtractor": "Trích Xuất Khung Hình",
    "TaskKeyframeExtractorDescription": "Trích xuất khung hình chính từ các tệp video để tạo danh sách phát HLS chính xác hơn. Tác vụ này có thể chạy trong một thời gian dài.",
    "External": "Bên ngoài",
    "HearingImpaired": "Khiếm Thính",
    "TaskRefreshTrickplayImages": "Tạo Ảnh Xem Trước Trickplay",
    "TaskRefreshTrickplayImagesDescription": "Tạo bản xem trước trịckplay cho video trong thư viện đã bật.",
    "TaskCleanCollectionsAndPlaylists": "Dọn dẹp bộ sưu tập và danh sách phát",
    "TaskCleanCollectionsAndPlaylistsDescription": "Xóa các mục khỏi bộ sưu tập và danh sách phát không còn tồn tại.",
    "TaskAudioNormalization": "Chuẩn Hóa Âm Thanh",
    "TaskAudioNormalizationDescription": "Quét tập tin để tìm dữ liệu chuẩn hóa âm thanh.",
    "TaskDownloadMissingLyricsDescription": "Tải xuống lời cho bài hát",
    "TaskDownloadMissingLyrics": "Tải xuống lời bị thiếu",
    "TaskExtractMediaSegmentsDescription": "Trích xuất hoặc lấy các phân đoạn phương tiện từ các plugin hỗ trợ MediaSegment.",
    "TaskMoveTrickplayImages": "Di chuyển vị trí hình ảnh Trickplay",
    "TaskMoveTrickplayImagesDescription": "Di chuyển các tập tin trickplay hiện có theo cài đặt thư viện.",
    "TaskExtractMediaSegments": "Quét Phân Đoạn Phương Tiện"
}
