{
    "Albums": "专辑",
    "AppDeviceValues": "应用：{0}，设备：{1}",
    "Application": "应用程序",
    "Artists": "艺术家",
    "AuthenticationSucceededWithUserName": "{0} 认证成功",
    "Books": "书籍",
    "CameraImageUploadedFrom": "新的相机图像已从 {0} 上传",
    "Channels": "频道",
    "ChapterNameValue": "章节 {0}",
    "Collections": "合集",
    "DeviceOfflineWithName": "{0} 已断开",
    "DeviceOnlineWithName": "{0} 已连接",
    "FailedLoginAttemptWithUserName": "来自 {0} 的登录尝试失败",
    "Favorites": "我的最爱",
    "Folders": "文件夹",
    "Genres": "类型",
    "HeaderAlbumArtists": "专辑艺术家",
    "HeaderContinueWatching": "继续观看",
    "HeaderFavoriteAlbums": "收藏的专辑",
    "HeaderFavoriteArtists": "最爱的艺术家",
    "HeaderFavoriteEpisodes": "最爱的剧集",
    "HeaderFavoriteShows": "最爱的节目",
    "HeaderFavoriteSongs": "最爱的歌曲",
    "HeaderLiveTV": "电视直播",
    "HeaderNextUp": "接下来",
    "HeaderRecordingGroups": "录制组",
    "HomeVideos": "家庭视频",
    "Inherit": "继承",
    "ItemAddedWithName": "{0} 已添加到媒体库",
    "ItemRemovedWithName": "{0} 已从媒体库中移除",
    "LabelIpAddressValue": "IP 地址：{0}",
    "LabelRunningTimeValue": "运行时间：{0}",
    "Latest": "最新",
    "MessageApplicationUpdated": "Jellyfin 服务器已更新",
    "MessageApplicationUpdatedTo": "Jellyfin Server 版本已更新为 {0}",
    "MessageNamedServerConfigurationUpdatedWithValue": "服务器配置 {0} 部分已更新",
    "MessageServerConfigurationUpdated": "服务器配置已更新",
    "MixedContent": "混合内容",
    "Movies": "电影",
    "Music": "音乐",
    "MusicVideos": "音乐视频",
    "NameInstallFailed": "{0} 安装失败",
    "NameSeasonNumber": "第 {0} 季",
    "NameSeasonUnknown": "未知季",
    "NewVersionIsAvailable": "Jellyfin Server 有新版本可以下载。",
    "NotificationOptionApplicationUpdateAvailable": "有可用的应用程序更新",
    "NotificationOptionApplicationUpdateInstalled": "应用程序更新已安装",
    "NotificationOptionAudioPlayback": "音频开始播放",
    "NotificationOptionAudioPlaybackStopped": "音频播放已停止",
    "NotificationOptionCameraImageUploaded": "相机图片已上传",
    "NotificationOptionInstallationFailed": "安装失败",
    "NotificationOptionNewLibraryContent": "已添加新内容",
    "NotificationOptionPluginError": "插件失败",
    "NotificationOptionPluginInstalled": "插件已安装",
    "NotificationOptionPluginUninstalled": "插件已卸载",
    "NotificationOptionPluginUpdateInstalled": "插件更新已安装",
    "NotificationOptionServerRestartRequired": "服务器需要重启",
    "NotificationOptionTaskFailed": "计划任务失败",
    "NotificationOptionUserLockedOut": "用户已锁定",
    "NotificationOptionVideoPlayback": "视频开始播放",
    "NotificationOptionVideoPlaybackStopped": "视频播放已停止",
    "Photos": "照片",
    "Playlists": "播放列表",
    "Plugin": "插件",
    "PluginInstalledWithName": "{0} 已安装",
    "PluginUninstalledWithName": "{0} 已卸载",
    "PluginUpdatedWithName": "{0} 已更新",
    "ProviderValue": "提供商：{0}",
    "ScheduledTaskFailedWithName": "{0} 已失败",
    "ScheduledTaskStartedWithName": "{0} 已开始",
    "ServerNameNeedsToBeRestarted": "{0} 需要重新启动",
    "Shows": "节目",
    "Songs": "歌曲",
    "StartupEmbyServerIsLoading": "Jellyfin 服务器加载中。请稍后再试。",
    "SubtitleDownloadFailureForItem": "为 {0} 下载字幕失败",
    "SubtitleDownloadFailureFromForItem": "无法从 {0} 下载 {1} 的字幕",
    "Sync": "同步",
    "System": "系统",
    "TvShows": "电视剧",
    "User": "用户",
    "UserCreatedWithName": "用户 {0} 已创建",
    "UserDeletedWithName": "用户 {0} 已删除",
    "UserDownloadingItemWithValues": "{0} 正在下载 {1}",
    "UserLockedOutWithName": "用户 {0} 已被锁定",
    "UserOfflineFromDevice": "{0} 已从 {1} 断开",
    "UserOnlineFromDevice": "{0} 在线，来自 {1}",
    "UserPasswordChangedWithName": "已为用户 {0} 更改密码",
    "UserPolicyUpdatedWithName": "用户协议已经被更新为 {0}",
    "UserStartedPlayingItemWithValues": "{0} 已在 {2} 上开始播放 {1}",
    "UserStoppedPlayingItemWithValues": "{0} 已在 {2} 上停止播放 {1}",
    "ValueHasBeenAddedToLibrary": "{0} 已添加至您的媒体库中",
    "ValueSpecialEpisodeName": "特典 - {0}",
    "VersionNumber": "版本 {0}",
    "TaskUpdatePluginsDescription": "为已设置为自动更新的插件下载和安装更新。",
    "TaskRefreshPeople": "刷新演职人员",
    "TasksChannelsCategory": "互联网频道",
    "TasksLibraryCategory": "媒体库",
    "TaskDownloadMissingSubtitlesDescription": "根据元数据设置在互联网上搜索缺少的字幕。",
    "TaskDownloadMissingSubtitles": "下载缺少的字幕",
    "TaskRefreshChannelsDescription": "刷新互联网频道信息。",
    "TaskRefreshChannels": "刷新频道",
    "TaskCleanTranscodeDescription": "删除存在超过 1 天的转码文件。",
    "TaskCleanTranscode": "清理转码目录",
    "TaskUpdatePlugins": "更新插件",
    "TaskRefreshPeopleDescription": "更新媒体库中演员和导演的元数据。",
    "TaskCleanLogsDescription": "删除存在超过 {0} 天的的日志文件。",
    "TaskCleanLogs": "清理日志目录",
    "TaskRefreshLibraryDescription": "扫描你的媒体库以获取新文件并刷新元数据。",
    "TaskRefreshLibrary": "扫描媒体库",
    "TaskRefreshChapterImagesDescription": "为包含章节的视频提取缩略图。",
    "TaskRefreshChapterImages": "提取章节图片",
    "TaskCleanCacheDescription": "删除系统不再需要的缓存文件。",
    "TaskCleanCache": "清理缓存目录",
    "TasksApplicationCategory": "应用程序",
    "TasksMaintenanceCategory": "维护",
    "TaskCleanActivityLog": "清理程序日志",
    "TaskCleanActivityLogDescription": "删除早于设置时间的活动日志条目。",
    "Undefined": "未定义",
    "Forced": "强制的",
    "Default": "默认",
    "TaskOptimizeDatabaseDescription": "压缩数据库并优化可用空间，在扫描库或执行其他数据库修改后运行此任务可能会提高性能。",
    "TaskOptimizeDatabase": "优化数据库",
    "TaskKeyframeExtractorDescription": "从视频文件中提取关键帧以创建更准确的 HLS 播放列表。这项任务可能需要很长时间。",
    "TaskKeyframeExtractor": "关键帧提取",
    "External": "外部",
    "HearingImpaired": "听力障碍",
    "TaskRefreshTrickplayImages": "生成进度条预览图",
    "TaskRefreshTrickplayImagesDescription": "为启用的媒体库中的视频生成进度条预览图。",
    "TaskCleanCollectionsAndPlaylists": "清理合集和播放列表",
    "TaskCleanCollectionsAndPlaylistsDescription": "清理合集和播放列表中已不存在的项目。",
    "TaskAudioNormalization": "音频标准化",
    "TaskAudioNormalizationDescription": "扫描文件以寻找音频标准化数据。",
    "TaskDownloadMissingLyrics": "下载缺失的歌词",
    "TaskDownloadMissingLyricsDescription": "下载歌曲歌词",
    "TaskMoveTrickplayImages": "迁移进度条预览图的存储位置",
    "TaskExtractMediaSegments": "媒体分段扫描",
    "TaskExtractMediaSegmentsDescription": "从支持 MediaSegment 的插件中提取或获取媒体分段。",
    "TaskMoveTrickplayImagesDescription": "根据媒体库设置移动现有的进度条预览图文件。"
}
