{
    "Albums": "專輯",
    "AppDeviceValues": "應用程式：{0}，裝置：{1}",
    "Application": "應用程式",
    "Artists": "藝人",
    "AuthenticationSucceededWithUserName": "成功授權 {0}",
    "Books": "書籍",
    "CameraImageUploadedFrom": "已從 {0} 成功上傳一張相片",
    "Channels": "頻道",
    "ChapterNameValue": "章節 {0}",
    "Collections": "系列",
    "DeviceOfflineWithName": "{0} 已中斷連接",
    "DeviceOnlineWithName": "{0} 已連接",
    "FailedLoginAttemptWithUserName": "來自使用者 {0} 的登入失敗嘗試",
    "Favorites": "我的最愛",
    "Folders": "資料夾",
    "Genres": "風格",
    "HeaderAlbumArtists": "專輯演出者",
    "HeaderContinueWatching": "繼續觀看",
    "HeaderFavoriteAlbums": "最愛專輯",
    "HeaderFavoriteArtists": "最愛藝人",
    "HeaderFavoriteEpisodes": "最愛劇集",
    "HeaderFavoriteShows": "最愛節目",
    "HeaderFavoriteSongs": "最愛歌曲",
    "HeaderLiveTV": "電視直播",
    "HeaderNextUp": "接下來",
    "HomeVideos": "家庭影片",
    "ItemAddedWithName": "{0} 已新增至媒體庫",
    "ItemRemovedWithName": "{0} 已從媒體庫移除",
    "LabelIpAddressValue": "IP 位址：{0}",
    "LabelRunningTimeValue": "運行時間：{0}",
    "Latest": "最新",
    "MessageApplicationUpdated": "Jellyfin 伺服器已經更新",
    "MessageApplicationUpdatedTo": "Jellyfin 伺服器已經更新至 {0}",
    "MessageNamedServerConfigurationUpdatedWithValue": "伺服器設定 {0} 部分已經更新",
    "MessageServerConfigurationUpdated": "伺服器設定已經更新",
    "MixedContent": "混合內容",
    "Movies": "電影",
    "Music": "音樂",
    "MusicVideos": "MV",
    "NameInstallFailed": "{0} 安裝失敗",
    "NameSeasonNumber": "第 {0} 季",
    "NameSeasonUnknown": "未知季數",
    "NewVersionIsAvailable": "新版本的 Jellyfin 伺服器已經可供下載。",
    "NotificationOptionApplicationUpdateAvailable": "有可用的應用程式更新",
    "NotificationOptionApplicationUpdateInstalled": "應用程式更新已安裝",
    "NotificationOptionAudioPlayback": "音訊播放已開始",
    "NotificationOptionAudioPlaybackStopped": "音訊播放已停止",
    "NotificationOptionCameraImageUploaded": "相片已上傳",
    "NotificationOptionInstallationFailed": "安裝失敗",
    "NotificationOptionNewLibraryContent": "已新增新內容",
    "NotificationOptionPluginError": "擴充功能錯誤",
    "NotificationOptionPluginInstalled": "擴充功能已安裝",
    "NotificationOptionPluginUninstalled": "擴充功能已移除",
    "NotificationOptionPluginUpdateInstalled": "擴充功能已更新",
    "NotificationOptionServerRestartRequired": "伺服器需要重新啟動",
    "NotificationOptionTaskFailed": "擴充功能任務失敗",
    "NotificationOptionUserLockedOut": "使用者已鎖定",
    "NotificationOptionVideoPlayback": "影片播放已開始",
    "NotificationOptionVideoPlaybackStopped": "影片播放已停止",
    "Photos": "相片",
    "Playlists": "播放清單",
    "Plugin": "擴充功能",
    "PluginInstalledWithName": "已安裝 {0}",
    "PluginUninstalledWithName": "已移除 {0}",
    "PluginUpdatedWithName": "已更新 {0}",
    "ProviderValue": "提供者：{0}",
    "ScheduledTaskFailedWithName": "排程任務 {0} 執行失敗",
    "ScheduledTaskStartedWithName": "排程任務 {0} 已開始",
    "ServerNameNeedsToBeRestarted": "伺服器 {0} 需要重新啟動",
    "Shows": "節目",
    "Songs": "歌曲",
    "StartupEmbyServerIsLoading": "Jellyfin 伺服器載入中，請稍後再試。",
    "Sync": "同步",
    "System": "系統",
    "TvShows": "電視節目",
    "User": "使用者",
    "UserCreatedWithName": "已建立使用者 {0}",
    "UserDeletedWithName": "已刪除使用者 {0}",
    "UserDownloadingItemWithValues": "使用者 {0} 正在下載 {1}",
    "UserLockedOutWithName": "使用者 {0} 已被鎖定",
    "UserOfflineFromDevice": "使用者 {0} 已從 {1} 斷線",
    "UserOnlineFromDevice": "使用者 {0} 已從 {1} 連線",
    "UserPasswordChangedWithName": "使用者 {0} 的密碼已變更",
    "UserPolicyUpdatedWithName": "使用者權限已更新為 {0}",
    "UserStartedPlayingItemWithValues": "{0} 正在 {2} 上播放 {1}",
    "UserStoppedPlayingItemWithValues": "{0} 已在 {2} 上停止播放 {1}",
    "ValueHasBeenAddedToLibrary": "{0} 已新增至您的媒體庫",
    "ValueSpecialEpisodeName": "特輯 - {0}",
    "VersionNumber": "版本 {0}",
    "HeaderRecordingGroups": "錄製組",
    "Inherit": "繼承",
    "SubtitleDownloadFailureFromForItem": "無法從 {0} 下載 {1} 的字幕",
    "TaskDownloadMissingSubtitlesDescription": "透過媒體資訊從網路上搜尋遺失的字幕。",
    "TaskDownloadMissingSubtitles": "下載遺失的字幕",
    "TaskRefreshChannels": "重新整理頻道",
    "TaskUpdatePlugins": "更新擴充功能",
    "TaskRefreshPeople": "更新人物",
    "TaskCleanLogsDescription": "刪除超過 {0} 天的日誌文件。",
    "TaskCleanLogs": "清空日誌資料夾",
    "TaskRefreshLibraryDescription": "重新掃描媒體庫的新檔案並更新媒體資訊。",
    "TaskRefreshLibrary": "重新掃描媒體庫",
    "TaskRefreshChapterImages": "擷取章節圖片",
    "TaskCleanCacheDescription": "刪除系統已不需要的快取。",
    "TaskCleanCache": "清除快取資料夾",
    "TasksLibraryCategory": "媒體庫",
    "TaskRefreshChannelsDescription": "重新整理網路頻道資料。",
    "TaskCleanTranscodeDescription": "刪除超過一天的轉檔。",
    "TaskCleanTranscode": "清除轉檔資料夾",
    "TaskUpdatePluginsDescription": "下載並更新已啟用自動更新的擴充功能。",
    "TaskRefreshPeopleDescription": "更新媒體庫中演員和導演的資訊。",
    "TaskRefreshChapterImagesDescription": "為有章節的影片建立縮圖。",
    "TasksChannelsCategory": "網路頻道",
    "TasksApplicationCategory": "應用程式",
    "TasksMaintenanceCategory": "維護",
    "TaskCleanActivityLogDescription": "刪除超過所設時間的活動紀錄。",
    "TaskCleanActivityLog": "清除活動紀錄",
    "Undefined": "未定義",
    "Forced": "強制",
    "Default": "預設",
    "TaskOptimizeDatabaseDescription": "縮小資料庫並釋放可用空間。在掃描資料庫或進行資料庫相關的更動後使用此功能會增加效能。",
    "TaskOptimizeDatabase": "最佳化資料庫",
    "TaskKeyframeExtractorDescription": "將關鍵幀從影片檔案提取出來並建立更精準的HLS播放清單。這可能需要很長時間。",
    "TaskKeyframeExtractor": "關鍵幀提取器",
    "External": "外部",
    "HearingImpaired": "聽力障礙",
    "TaskRefreshTrickplayImages": "生成快轉縮圖",
    "TaskRefreshTrickplayImagesDescription": "為啟用快轉縮圖的媒體庫生成快轉縮圖。",
    "TaskCleanCollectionsAndPlaylists": "清理系列和播放清單",
    "TaskCleanCollectionsAndPlaylistsDescription": "清理系列和播放清單中已不存在的項目。",
    "TaskAudioNormalization": "音量標準化",
    "TaskAudioNormalizationDescription": "掃描文件以找出音量標準化資料。",
    "TaskDownloadMissingLyrics": "下載缺少的歌詞",
    "TaskDownloadMissingLyricsDescription": "卡在歌曲歌詞",
    "TaskExtractMediaSegments": "掃描媒體片段",
    "TaskExtractMediaSegmentsDescription": "從使用媒體片段的擴充功能取得媒體片段。",
    "TaskMoveTrickplayImages": "遷移快轉縮圖位置",
    "TaskMoveTrickplayImagesDescription": "根據媒體庫的設定遷移快轉縮圖的檔案。"
}
